id,model_type,model_id,uuid,collection_name,name,file_name,mime_type,disk,conversions_disk,size,manipulations,custom_properties,generated_conversions,responsive_images,order_column,created_at,updated_at
1,App\Models\User,5,d0b4df5d-0164-44ff-b460-a9aded813429,profile,console,console.png,image/png,public,public,42807,[],[],[],[],1,2023-06-19 17:49:15,2023-06-19 17:49:15
2,App\Models\Product,1,e1c024f6-5533-40d3-8365-d7505260d05b,product,joystick,joystick.png,image/png,public,public,21918,[],[],[],[],2,2023-06-19 18:05:55,2023-06-19 18:05:55
3,App\Models\Setting,90,0b689303-a10f-47ee-906d-3d55ba252c81,settings,console,brand-logo-6c80b35745f8aea0a3ef0f5c3a1304a7.png,image/png,public,public,42807,[],[],[],[],3,2023-06-19 18:33:16,2023-06-19 18:33:16
4,App\Models\User,7,d752e2bc-dddf-47ae-a283-990a0a64bc52,profile,joystick,joystick.png,image/png,public,public,21918,[],[],[],[],4,2023-06-19 18:37:56,2023-06-19 18:37:56
6,App\Models\Setting,152,3ca9be58-8d57-489e-a1bd-d9ec96196409,settings,600x600 (3),brand-logo-4f1eade9da921a4764722525b2927c7f.png,image/jpeg,public,public,88585,[],[],[],[],6,2023-06-24 10:03:44,2023-06-24 10:03:44
7,App\Models\User,10,d6a2b608-9711-44c5-89f3-ccd1f3a810f3,profile,2a35ba8c-f5db-4375-8b4a-555124c80427,2a35ba8c-f5db-4375-8b4a-555124c80427.jpeg,image/jpeg,public,public,85972,[],[],[],[],7,2023-06-24 10:07:01,2023-06-24 10:07:01
8,App\Models\Setting,360,a32df44d-a142-48c9-996c-df6bead36229,settings,console,brand-logo-2f460b6e28e9b5ff4270bc25e924bfec.png,image/png,public,public,42807,[],[],[],[],8,2023-06-27 16:33:10,2023-06-27 16:33:10
9,App\Models\Setting,338,a446bbcb-8ed0-4be4-95d9-03caddd27f3a,settings,console,brand-logo-81788e777c4ff0c244ae903a7e1cfcaf.png,image/png,public,public,42807,[],[],[],[],9,2023-06-27 16:33:21,2023-06-27 16:33:21
11,App\Models\User,32,6969d02a-488f-4a03-9715-dcbefae7f7a5,profile,joystick,joystick.png,image/png,public,public,21918,[],[],[],[],11,2023-06-27 16:45:26,2023-06-27 16:45:26
12,App\Models\User,33,d0d46043-a57a-442e-984f-d8996fadabd6,profile,computer-game,computer-game.png,image/png,public,public,28296,[],[],[],[],12,2023-06-27 16:53:00,2023-06-27 16:53:00
13,App\Models\Setting,650,ea9ced59-e23f-4654-aa96-5c85e5850180,settings,cws logo,brand-logo-5bd035cd0c6bb07fb0aaf5a8d0ccad0d.png,image/png,public,public,80319,[],[],[],[],13,2023-07-04 11:53:11,2023-07-04 11:53:11
14,App\Models\Setting,673,fc883f8f-3e1c-46b9-a8c1-6ea658919799,settings,Untitled23,brand-logo-499755ed7918c5db7466680e07408e93.png,image/jpeg,public,public,3615,[],[],[],[],14,2023-07-04 11:53:11,2023-07-04 11:53:11
16,App\Models\User,49,1c10881b-5fb3-43cb-bb52-1dba2468e23e,profile,Untitled23,Untitled23.jpg,image/jpeg,public,public,3615,[],[],[],[],16,2023-07-04 12:01:39,2023-07-04 12:01:39
17,App\Models\Product,15,35d96e05-c6fd-4dce-800f-fc0dfc67a320,product,download (5),download-(5).jpg,image/jpeg,public,public,57791,[],[],[],[],17,2023-07-04 12:06:20,2023-07-04 12:06:20
18,App\Models\User,50,0ed49876-fc49-4cb7-993b-55425b607107,profile,web logo,web-logo.jpg,image/jpeg,public,public,7512,[],[],[],[],18,2023-07-04 12:28:06,2023-07-04 12:28:06
19,App\Models\User,54,5d52eb85-3cc1-4653-ab85-fed9211b3f2d,profile,istockphoto-501533193-612x612,istockphoto-501533193-612x612.jpg,image/jpeg,public,public,63119,[],[],[],[],19,2023-07-05 18:10:03,2023-07-05 18:10:03
20,App\Models\Setting,686,35ca0be2-ae88-4f6b-bd91-c1f03653dfe8,settings,Untitled76,brand-logo-f7c44b5493aeeda49296f2884fd275d6.png,image/jpeg,public,public,6093,[],[],[],[],20,2023-07-05 18:12:24,2023-07-05 18:12:24
21,App\Models\Setting,709,f0eac4e5-9bb6-4263-a0c1-702b3b493afb,settings,Untitled23,brand-logo-76422575e20d163fe13d02b84a4f21a2.png,image/jpeg,public,public,3615,[],[],[],[],21,2023-07-05 18:12:24,2023-07-05 18:12:24
22,App\Models\Blog,1,6fe2ffe0-a6f7-45fd-9f14-6b26a5221097,blog,e-invoice-1,e-invoice-1.jpg,image/jpeg,public,public,157700,[],[],[],[],22,2023-07-12 15:38:21,2023-07-12 15:38:21
23,App\Models\Blog,2,6cde0ea6-3eb1-4c4c-a571-3e9ab3f44861,blog,e-invoice,e-invoice.jpg,image/jpeg,public,public,187972,[],[],[],[],23,2023-07-12 15:41:47,2023-07-12 15:41:47
24,App\Models\Blog,3,ebb5e9df-ec62-4f10-8d2d-474cbb8248ab,blog,invoicing-software,invoicing-software.jpg,image/jpeg,public,public,182015,[],[],[],[],24,2023-07-12 15:45:09,2023-07-12 15:45:09
25,App\Models\Blog,4,a6644239-39d1-43b6-a356-ee31dd633ead,blog,streamline,streamline.jpg,image/jpeg,public,public,191300,[],[],[],[],25,2023-07-12 15:52:23,2023-07-12 15:52:23
28,App\Models\Setting,718,a8a861fd-df60-4eb3-abb6-668b4c8a1a8f,settings,Untitled23,brand-logo-b616e49c999e87fbede5141da73ef850.png,image/jpeg,public,public,3615,[],[],[],[],27,2023-07-13 13:39:02,2023-07-13 13:39:02
29,App\Models\Setting,741,9755bb26-16ed-4075-a201-25a15341a531,settings,cws logo,brand-logo-eaa5fca2afbfcae2cbafc66771f5d415.png,image/png,public,public,80319,[],[],[],[],28,2023-07-13 13:39:02,2023-07-13 13:39:02
30,App\Models\Product,23,9a815772-7c63-4d63-b8a8-3db27d0a2686,product,download (1),download-(1).jpg,image/jpeg,public,public,8662,[],[],[],[],29,2023-07-13 13:54:22,2023-07-13 13:54:22
31,App\Models\User,57,757014a4-4105-4991-b2bc-273340fbd4b8,profile,web logo,web-logo.jpg,image/jpeg,public,public,7512,[],[],[],[],30,2023-07-13 14:29:22,2023-07-13 14:29:22
32,App\Models\Blog,7,fbc3ceeb-539e-4f4c-b855-eeb6db1df3fc,blog,tax-g5cb0789de_1280,tax-g5cb0789de_1280.png,image/png,public,public,94316,[],[],[],[],31,2023-07-17 11:52:57,2023-07-17 11:52:57
33,App\Models\Blog,8,8d031b70-3694-4024-b2af-909c70754b36,blog,invoice-gfa175be96_1280,invoice-gfa175be96_1280.jpg,image/jpeg,public,public,45360,[],[],[],[],32,2023-07-17 12:33:53,2023-07-17 12:33:53
34,App\Models\Product,25,cfb44b19-90ff-4242-ad6e-13bcd10758a4,product,product,product.png,image/png,public,public,5539,[],[],[],[],33,2023-07-17 15:41:55,2023-07-17 15:41:55
35,App\Models\Blog,9,6a856012-1dd8-4ad2-b3bb-3c459de3b873,blog,free invoicing software for business,free-invoicing-software-for-business.jpg,image/jpeg,public,public,74523,[],[],[],[],34,2023-07-17 18:52:52,2023-07-17 18:52:52
39,App\Models\Blog,12,2b1d49a5-ad48-475a-97c4-4ffd9fa8daf2,blog,Enhancing Your Business,Enhancing-Your-Business.jpg,image/jpeg,public,public,251357,[],[],[],[],37,2023-08-04 14:50:43,2023-08-04 14:50:43
40,App\Models\Product,28,8b92f1cf-8510-4da5-9aeb-a6c439f8bba9,product,cws logo,cws-logo.png,image/png,public,public,80319,[],[],[],[],38,2023-08-07 12:28:03,2023-08-07 12:28:03
42,App\Models\Blog,13,71242bcc-da9a-4e52-88ce-105c02a93f79,blog,Effective Payment Reminders,Effective-Payment-Reminders.jpg,image/jpeg,public,public,446562,[],[],[],[],40,2023-08-07 18:41:55,2023-08-07 18:41:55
43,App\Models\Blog,14,dea7809e-b333-47ec-a3bd-aa91bd514e61,blog,professional invoicing,professional-invoicing.jpg,image/jpeg,public,public,488732,[],[],[],[],41,2023-08-10 23:00:59,2023-08-10 23:00:59
45,App\Models\Setting,1358,ae8472fa-cb9b-4195-bf10-afa276c07f89,settings,cws logo,brand-logo-d76e061ad5a86e65b1670a0e7968ecde.png,image/png,public,public,80319,[],[],[],[],42,2023-08-16 13:32:23,2023-08-16 13:32:23
46,App\Models\Setting,1422,55408cff-281f-450f-bbed-38a7f824b7f1,settings,cws logo,brand-logo-21b41fa9df9b233eed94beeaebf4258c.png,image/png,public,public,80319,[],[],[],[],43,2023-08-16 13:37:57,2023-08-16 13:37:57
47,App\Models\Blog,15,e92629f4-2f25-400c-a64b-865e55da945e,blog,invoicing,invoicing.jpg,image/jpeg,public,public,229654,[],[],[],[],44,2023-08-17 21:52:33,2023-08-17 21:52:33
48,App\Models\Setting,1550,e04aefa1-eaa4-4c46-9864-cc38018e8659,settings,cws logo,brand-logo-7a0fff54452bc83f03cf3338d9fc1b17.png,image/png,public,public,80319,[],[],[],[],45,2023-08-22 15:29:43,2023-08-22 15:29:43
50,App\Models\Product,29,e27727b6-5f2d-4717-b611-10a977090ccb,product,Untitled76,Untitled76.jpg,image/jpeg,public,public,6093,[],[],[],[],47,2023-08-22 17:52:23,2023-08-22 17:52:23
51,App\Models\User,102,00806f34-6bb2-43d4-ba16-4c8f104f4f37,profile,Untitled,Untitled.jpg,image/jpeg,public,public,7462,[],[],[],[],48,2023-08-22 17:53:05,2023-08-22 17:53:05
52,App\Models\User,104,f3b9d9b3-bc69-4071-abb4-4a9a9534cc2c,profile,istockphoto-501533193-612x612,istockphoto-501533193-612x612.jpg,image/jpeg,public,public,63119,[],[],[],[],49,2023-08-22 17:55:41,2023-08-22 17:55:41
54,App\Models\Setting,1614,1a31e8c5-459a-4818-a3ae-9171d235e4de,settings,Untitled23,brand-logo-93947bec571964f19269037ae383f581.png,image/jpeg,public,public,3615,[],[],[],[],51,2023-08-31 13:42:40,2023-08-31 13:42:40
55,App\Models\User,106,f364f9ca-31f4-4a61-881e-b4bc126ec2c9,profile,cws logo,cws-logo.png,image/png,public,public,80319,[],[],[],[],52,2023-08-31 14:25:16,2023-08-31 14:25:16
56,App\Models\User,105,cbac0248-8368-47db-97fa-2a4296b49ce2,profile,cws logo,cws-logo.png,image/png,public,public,80319,[],[],[],[],53,2023-08-31 14:26:04,2023-08-31 14:26:04
57,App\Models\Blog,16,38cbc51f-38f5-43af-a704-7f66b48bba92,blog,online invoicing tool,online-invoicing-tool.jpg,image/jpeg,public,public,440867,[],[],[],[],54,2023-08-31 14:35:16,2023-08-31 14:35:16
58,App\Models\User,9,3d42aa00-851d-4d64-b5bd-6306a28100ee,profile,cwslogo,cwslogo.jpeg,image/jpeg,public,public,3250,[],[],[],[],55,2023-08-31 19:05:29,2023-08-31 19:05:29
59,App\Models\User,124,185acf21-d369-4a1b-9d5d-b8733688b358,profile,images (1),images-(1).png,image/png,public,public,8867,[],[],[],[],56,2023-09-04 12:02:46,2023-09-04 12:02:46
60,App\Models\User,111,849d0e27-8418-4bbc-8cee-c7ac5acdf158,profile,GettyImages-4,GettyImages-4.webp,image/webp,public,public,39382,[],[],[],[],57,2023-09-04 12:24:18,2023-09-04 12:24:18
62,App\Models\Blog,17,3d23fbe5-213a-40ad-9aa6-b3794cbd91b3,blog,Free-Invoice-Generator_banner,Free-Invoice-Generator_banner.png,image/png,public,public,70042,[],[],[],[],59,2023-09-08 11:59:52,2023-09-08 11:59:52
64,App\Models\Blog,18,80bd87e9-df77-40a8-8c6a-4d75b472eb9b,blog,protect online invoicing,protect-online-invoicing.jpg,image/jpeg,public,public,175403,[],[],[],[],60,2023-09-11 20:32:50,2023-09-11 20:32:50
65,App\Models\User,241,35d6501f-5651-4a8f-8aa5-18fa1cf2ee4b,profile,Screenshot_20230914_131909,Screenshot_20230914_131909.jpg,image/jpeg,public,public,784102,[],[],[],[],61,2023-09-14 13:19:26,2023-09-14 13:19:26
66,App\Models\Blog,19,44c028c0-5cbe-4448-9b6b-5a241c52fd2a,blog,5 features of invoicing,5-features-of-invoicing.jpg,image/jpeg,public,public,142577,[],[],[],[],62,2023-09-14 13:20:49,2023-09-14 13:20:49
67,App\Models\User,249,629b92da-0d62-48c9-be00-8731bc6c58d4,profile,1d59742d-ab3a-4464-942d-3452697b86a3,1d59742d-ab3a-4464-942d-3452697b86a3.jpeg,image/jpeg,public,public,13099,[],[],[],[],63,2023-09-14 17:17:45,2023-09-14 17:17:45
68,App\Models\User,276,a8fa7b5f-a416-4fe3-a515-84b8b4bdae22,profile,mahesh-digitals-high-resolution-color-logo,mahesh-digitals-high-resolution-color-logo.png,image/png,public,public,26600,[],[],[],[],64,2023-09-17 06:18:33,2023-09-17 06:18:33
69,App\Models\Blog,20,e8a174b8-b756-4dff-888d-649602dc1df9,blog,PAYMENT REMINDERS,PAYMENT-REMINDERS.jpg,image/jpeg,public,public,122149,[],[],[],[],65,2023-09-18 16:28:21,2023-09-18 16:28:21
70,App\Models\User,451,ee188686-4fbc-4241-ba6c-cae76bdc73e2,profile,IMG_20230726_184151,IMG_20230726_184151.jpg,image/jpeg,public,public,184727,[],[],[],[],66,2023-09-21 14:06:46,2023-09-21 14:06:46
71,App\Models\User,473,a38b5e78-1123-469b-8f5e-43ba565aed52,profile,IMG_8955,IMG_8955.png,image/png,public,public,5864,[],[],[],[],67,2023-09-21 19:42:07,2023-09-21 19:42:07
72,App\Models\User,549,bf6a0ad1-c0af-4d89-ba78-9551f3a792db,profile,380884531_2588427301309204_4404413801746875743_n,380884531_2588427301309204_4404413801746875743_n.jpg,image/jpeg,public,public,240774,[],[],[],[],68,2023-09-24 22:16:35,2023-09-24 22:16:35
73,App\Models\Blog,21,c4de986c-70aa-4c4d-b184-fa8cc0bdd917,blog,free invoicing software online,free-invoicing-software-online.jpg,image/jpeg,public,public,235947,[],[],[],[],69,2023-09-25 17:58:41,2023-09-25 17:58:41
74,App\Models\User,1,58a9b53f-7a4b-483e-8581-fdfaa660d458,profile,500x500 pixels-1 (1),500x500-pixels-1-(1).jpg,image/jpeg,public,public,163095,[],[],[],[],70,2023-09-26 21:10:44,2023-09-26 21:10:44
76,App\Models\Setting,18482,39d8a277-785d-4124-bdeb-5993ee8d9e97,settings,Untitled design (1),brand-logo-4bbd3b054bdb380c619a4f5d6c74c8df.png,image/png,public,public,13276,[],[],[],[],72,2023-09-28 16:18:53,2023-09-28 16:18:53
77,App\Models\Setting,18505,2da7e5e1-0963-40d8-93a0-aab3e5992ca4,settings,Untitled design (2),brand-logo-883cf6ff91059bbb98e0e1a9a4d40669.png,image/png,public,public,147709,[],[],[],[],73,2023-09-28 16:18:53,2023-09-28 16:18:53
78,App\Models\Product,39,0c7fad97-f9b5-4429-9df1-678cf46d7406,product,Screenshot_20230920-120050,Screenshot_20230920-120050.png,image/png,public,public,63970,[],[],[],[],74,2023-09-29 20:28:01,2023-09-29 20:28:01
79,App\Models\Product,40,443a527b-7992-4bb5-91d0-6f5d29c57cca,product,1000029115,1000029115.jpg,image/png,public,public,228796,[],[],[],[],75,2023-10-03 17:37:48,2023-10-03 17:37:48
80,App\Models\Product,42,2b2ba316-f76d-4aaa-a177-c9390f88cf9c,product,1000029666,1000029666.jpg,image/jpeg,public,public,47158,[],[],[],[],76,2023-10-03 17:43:17,2023-10-03 17:43:17
81,App\Models\Product,43,293a5434-8f0b-4aa8-a2d7-051ef4f8b984,product,1000029077,1000029077.jpg,image/jpeg,public,public,56596,[],[],[],[],77,2023-10-03 17:44:36,2023-10-03 17:44:36
82,App\Models\Blog,22,70943b24-bdfb-4d71-bac1-46582cbf93d4,blog,freelancers invoice,freelancers-invoice.avif,image/avif,public,public,18758,[],[],[],[],78,2023-10-03 22:45:46,2023-10-03 22:45:46
83,App\Models\User,798,05104a96-195a-4f45-801d-bf0269c299ca,profile,download (1),download-(1).jpg,image/jpeg,public,public,8662,[],[],[],[],79,2023-10-04 17:16:55,2023-10-04 17:16:55
84,App\Models\Blog,23,8bae48b5-c4d3-4007-8da3-7b79432027e7,blog,online billing software 4 u,online-billing-software-4-u.jpg,image/jpeg,public,public,118961,[],[],[],[],80,2023-10-05 15:43:20,2023-10-05 15:43:20
85,App\Models\Blog,24,a0027301-5ab7-4b30-ba88-c04b64928a26,blog,online invoicing,online-invoicing.jpg,image/jpeg,public,public,269913,[],[],[],[],81,2023-10-09 17:42:23,2023-10-09 17:42:23
86,App\Models\Blog,25,12d3d09e-f214-4ed9-a480-a58dc406ebac,blog,billing payment,billing-payment.jpg,image/jpeg,public,public,274125,[],[],[],[],82,2023-10-10 21:44:14,2023-10-10 21:44:14
87,App\Models\User,924,d91b11e6-782d-4734-83bb-10ea5fd45b36,profile,ico-starting-price-2x,ico-starting-price-2x.png,image/png,public,public,1998,[],[],[],[],83,2023-10-11 18:26:36,2023-10-11 18:26:36
88,App\Models\Blog,26,43823e23-0d8b-4e96-9a04-4565c450bc60,blog,benefits of integrating work hours,benefits-of-integrating-work-hours.jpg,image/jpeg,public,public,335174,[],[],[],[],84,2023-10-16 12:30:46,2023-10-16 12:30:46
89,App\Models\Setting,26418,69c94ec0-c66c-457d-8813-c028f1072b80,settings,IMG-20231015-WA0052,brand-logo-d35e1c2a88274b0e0f760289c3207ce6.png,image/jpeg,public,public,148819,[],[],[],[],85,2023-10-16 21:16:28,2023-10-16 21:16:28
90,App\Models\Setting,26441,200d01ed-66a8-477f-bf6f-66b933717a2c,settings,IMG-20231015-WA0052,brand-logo-406707abe21e0a4ccfe0f3992df5a649.png,image/jpeg,public,public,148819,[],[],[],[],86,2023-10-16 21:16:28,2023-10-16 21:16:28
91,App\Models\Blog,27,8ea04ea7-196f-4daf-9c7f-0da8bd54b512,blog,the future of invocing,the-future-of-invocing.jpg,image/jpeg,public,public,506220,[],[],[],[],87,2023-10-17 16:07:19,2023-10-17 16:07:19
92,App\Models\Blog,28,9dbb4c90-e3ad-4d84-856f-bb162ff98274,blog,Seamless Billing online,Seamless-Billing-online.jpg,image/jpeg,public,public,30857,[],[],[],[],88,2023-10-18 21:50:33,2023-10-18 21:50:33
93,App\Models\Blog,29,c640c2a1-d335-4c9f-a7f6-0e2c55114327,blog,online invoice creation,online-invoice-creation.jpg,image/jpeg,public,public,272098,[],[],[],[],89,2023-10-19 20:03:09,2023-10-19 20:03:09
94,App\Models\Blog,30,0a0a5774-a95a-4ce2-a996-f0fc306ef4de,blog,automated reminders,automated-reminders.jpg,image/jpeg,public,public,91894,[],[],[],[],90,2023-10-20 17:37:16,2023-10-20 17:37:16
95,App\Models\Blog,31,36483bd7-fb21-435c-bef6-e48c6ee6aa3f,blog,manage outstanding invoices,manage-outstanding-invoices.jpg,image/jpeg,public,public,347368,[],[],[],[],91,2023-10-23 19:52:49,2023-10-23 19:52:49
96,App\Models\Blog,32,a17009c7-42f1-4b2c-955c-139fe76dd4f2,blog,invoices for businesses,invoices-for-businesses.jpg,image/jpeg,public,public,42788,[],[],[],[],92,2023-10-25 22:34:03,2023-10-25 22:34:03
97,App\Models\Blog,33,7f9f92ee-94ac-4b27-825f-250682121536,blog,recurring invoices,recurring-invoices.jpg,image/jpeg,public,public,386105,[],[],[],[],93,2023-10-26 22:27:53,2023-10-26 22:27:53
98,App\Models\Blog,34,0627e31d-c51a-4436-9c79-702e4867e08f,blog,online billing software for small businesses,online-billing-software-for-small-businesses.jpg,image/jpeg,public,public,142499,[],[],[],[],94,2023-10-30 13:08:18,2023-10-30 13:08:18
99,App\Models\Blog,35,915355ac-7827-4be8-8c93-50aab4ea71d1,blog,invoice generator for free,invoice-generator-for-free.jpg,image/jpeg,public,public,185395,[],[],[],[],95,2023-10-31 14:13:41,2023-10-31 14:13:41
100,App\Models\User,997,999b593a-7508-4c1f-b069-d1ee50726cad,profile,638025,638025.webp,image/webp,public,public,274862,[],[],[],[],96,2023-11-01 18:12:55,2023-11-01 18:12:55
101,App\Models\User,927,23327bb0-cbca-4f32-be3b-a6407f761391,profile,download (3),download-(3).jpg,image/jpeg,public,public,9981,[],[],[],[],97,2023-11-01 18:13:14,2023-11-01 18:13:14
102,App\Models\Blog,36,ade09f61-153a-40e4-a4f4-eaf6a52f0ef1,blog,gst billing software for free billingbee,gst-billing-software-for-free-billingbee.jpg,image/jpeg,public,public,151163,[],[],[],[],98,2023-11-14 13:26:25,2023-11-14 13:26:25
103,App\Models\Blog,37,0cf2fe09-90ae-44f3-8683-b46879e61f5a,blog,mastering create online invoices,mastering-create-online-invoices.jpg,image/jpeg,public,public,649290,[],[],[],[],99,2023-11-16 18:58:21,2023-11-16 18:58:21
104,App\Models\User,1002,d70bf466-5a11-47ab-9b60-517d01dfcbb3,profile,4343,4343.jpg,image/jpeg,public,public,3651,[],[],[],[],100,2023-11-17 16:25:47,2023-11-17 16:25:47
105,App\Models\Blog,38,405c96f4-c5e9-457c-8897-a2eb6467295c,blog,free billing software,free-billing-software.jpg,image/jpeg,public,public,141356,[],[],[],[],101,2023-11-21 17:13:20,2023-11-21 17:13:20
106,App\Models\User,1048,2ba6c038-6a42-4954-94e9-80ef04d3849a,profile,2,2.jpg,image/jpeg,public,public,217149,[],[],[],[],102,2023-11-22 17:30:39,2023-11-22 17:30:39
107,App\Models\Blog,39,f967edb1-6a0a-4ffa-ae2a-ba009535f23a,blog,top 5 benefits of invoicing,top-5-benefits-of-invoicing.jpg,image/jpeg,public,public,223002,[],[],[],[],103,2023-11-23 23:26:11,2023-11-23 23:26:11
108,App\Models\Product,60,8dd7607b-8d25-4a9a-ae06-467dc6440ff3,product,IMG-20231106-WA0020,IMG-20231106-WA0020.jpg,image/jpeg,public,public,133682,[],[],[],[],104,2023-11-26 21:47:26,2023-11-26 21:47:26
109,App\Models\Blog,40,273ea715-2851-488c-8d84-c3e074032c54,blog,billing software in garments business,billing-software-in-garments-business.jpg,image/jpeg,public,public,262429,[],[],[],[],105,2023-11-27 19:21:43,2023-11-27 19:21:43
110,App\Models\User,1194,39a5409a-824f-4da2-94af-0a4e53cc1844,profile,WhatsApp Image 2023-09-08 at 6.5 (1),WhatsApp-Image-2023-09-08-at-6.5-(1).jpg,image/jpeg,public,public,9073,[],[],[],[],106,2023-12-01 04:00:33,2023-12-01 04:00:33
111,App\Models\User,1211,0b08f72a-18ae-4e7a-b482-933757e2be27,profile,gyroscope-01-2x,gyroscope-01-2x.jpg,image/jpeg,public,public,72232,[],[],[],[],107,2023-12-01 18:56:58,2023-12-01 18:56:58
112,App\Models\User,1250,9e792f48-32b7-4046-a049-01229644ac09,profile,4998,4998.JPG,image/jpeg,public,public,30425,[],[],[],[],108,2023-12-03 00:55:22,2023-12-03 00:55:22
113,App\Models\User,1206,3db0a372-acfd-4a3e-ba0c-da507129c210,profile,WhatsApp Image 2023-12-01 at 5.10.23 AM,WhatsApp-Image-2023-12-01-at-5.10.23-AM.jpeg,image/jpeg,public,public,73136,[],[],[],[],109,2023-12-03 13:24:15,2023-12-03 13:24:15
114,App\Models\User,1273,56086a66-b029-411f-b94b-359dd9a80600,profile,LOGO 2,LOGO-2.png,image/png,public,public,48381,[],[],[],[],110,2023-12-04 11:17:13,2023-12-04 11:17:13
118,App\Models\User,1280,d003d2d0-91a6-4e77-9299-6559aaf3a72a,profile,aaaa,aaaa.png,image/png,public,public,4683,[],[],[],[],113,2023-12-06 00:22:01,2023-12-06 00:22:01
119,App\Models\Setting,35154,9ebe0673-7d80-4983-b496-66c1b9b1d460,settings,aaaa,brand-logo-4f7d6dad70bb6c83ea63611f4a7bf09a.png,image/png,public,public,4683,[],[],[],[],114,2023-12-06 00:22:36,2023-12-06 00:22:36
120,App\Models\Setting,35177,e659d79f-cfc2-4b39-8a09-b3dcf4b80761,settings,aaaa,brand-logo-5823806e752e0b9af7bf08e7e4e64bc0.png,image/png,public,public,4683,[],[],[],[],115,2023-12-06 00:22:36,2023-12-06 00:22:36
121,App\Models\Product,68,e3d5cb40-2e62-4d4d-bb78-40d48086db18,product,kk 03,kk-03.jpeg,image/jpeg,public,public,208446,[],[],[],[],116,2023-12-06 11:38:22,2023-12-06 11:38:22
122,App\Models\User,549,e89488fc-8e1b-48b6-923d-2a34cc27d53f,profile,Screenshot_20231208-002237,Screenshot_20231208-002237.png,image/png,public,public,84009,[],[],[],[],117,2023-12-08 01:19:53,2023-12-08 01:19:53
123,App\Models\Product,70,f85c37c9-d2a2-4606-9b61-dbdf75615fb3,product,WhatsApp Image 2023-04-20 at 20.36.02,WhatsApp-Image-2023-04-20-at-20.36.02.jpeg,image/jpeg,public,public,49310,[],[],[],[],118,2023-12-08 18:14:40,2023-12-08 18:14:40
124,App\Models\Product,71,12f4761d-62aa-4555-b2d6-9f264562d3ff,product,Chicken-Breast-Boneless-(3-4-Pieces)-Hero-Shot_(1),Chicken-Breast-Boneless-(3-4-Pieces)-Hero-Shot_(1).jpg,image/jpeg,public,public,35587,[],[],[],[],119,2023-12-08 18:15:35,2023-12-08 18:15:35
125,App\Models\Product,72,019bf7a6-1bf5-46cb-8856-b72ca64ce078,product,WhatsApp Image 2023-04-20 at 20.36.01,WhatsApp-Image-2023-04-20-at-20.36.01.jpeg,image/jpeg,public,public,24135,[],[],[],[],120,2023-12-08 18:16:07,2023-12-08 18:16:07
126,App\Models\Product,73,bc43367c-4254-45db-afd4-3a36f33495e9,product,egg,egg.jpeg,image/jpeg,public,public,4376,[],[],[],[],121,2023-12-08 18:17:10,2023-12-08 18:17:10
127,App\Models\Product,74,6f57ffbb-a6a2-42a1-9a12-051797db3acf,product,BEEF CUBE,BEEF-CUBE.webp,image/webp,public,public,77298,[],[],[],[],122,2023-12-08 18:18:05,2023-12-08 18:18:05
128,App\Models\Product,75,86d4db20-ef4f-4691-9119-7cbec13140a8,product,MUTTON,MUTTON.jpg,image/jpeg,public,public,9379,[],[],[],[],123,2023-12-08 18:18:55,2023-12-08 18:18:55
129,App\Models\Product,77,2add2edb-7cbd-4a9e-9332-8a722aa653d5,product,GOAT LEGS,GOAT-LEGS.jpg,image/jpeg,public,public,4236,[],[],[],[],124,2023-12-08 18:19:58,2023-12-08 18:19:58
130,App\Models\Product,78,0efd47d3-9f38-44ad-af15-6320644a5509,product,ribs,ribs.jpg,image/jpeg,public,public,8238,[],[],[],[],125,2023-12-08 18:21:15,2023-12-08 18:21:15
131,App\Models\Product,76,c33aa647-0414-4fa1-8829-334b60b70dd8,product,WhatsApp Image 2023-04-20 at 20.36.06 (1),WhatsApp-Image-2023-04-20-at-20.36.06-(1).jpeg,image/jpeg,public,public,24215,[],[],[],[],126,2023-12-08 18:21:44,2023-12-08 18:21:44
132,App\Models\User,1534,e2bfb5ff-b32f-4feb-b50c-3cf1e8646a62,profile,Image_114808183,Image_114808183.png,image/jpeg,public,public,12697,[],[],[],[],127,2023-12-11 16:56:16,2023-12-11 16:56:16
133,App\Models\Blog,41,379e2de7-c411-43ab-86a3-cfe5fa163871,blog,billing software for billing process,billing-software-for-billing-process.jpg,image/jpeg,public,public,98545,[],[],[],[],128,2023-12-11 20:21:43,2023-12-11 20:21:43
134,App\Models\Setting,43154,7fc2716f-37bc-4ecf-9fc3-6c951cb20c3c,settings,IMG_20231128_172948,brand-logo-2020e31952809d9178e9724da24793aa.png,image/jpeg,public,public,79055,[],[],[],[],129,2023-12-11 22:24:06,2023-12-11 22:24:06
135,App\Models\Blog,42,a89b33db-c022-4df1-b6be-b78e0ddf76f3,blog,The Power of Free Invoice Generators,The-Power-of-Free-Invoice-Generators.jpg,image/jpeg,public,public,111028,[],[],[],[],130,2023-12-13 14:59:53,2023-12-13 14:59:53
136,App\Models\Setting,46921,c3816cd3-6def-4b52-85e3-c31e8b3271b1,settings,IMG_9732,brand-logo-28b3a082bbe750aaef2b589ec07a39fb.png,image/jpeg,public,public,194859,[],[],[],[],131,2023-12-14 20:01:21,2023-12-14 20:01:21
137,App\Models\Setting,49234,823ce2f6-bee5-4127-ac99-e91d14eb9fff,settings,305966311_452260280277603_6078885249742517336_n,brand-logo-309f8fcd3d34b6ab87809c57893cc710.png,image/jpeg,public,public,68176,[],[],[],[],132,2023-12-16 21:58:08,2023-12-16 21:58:08
138,App\Models\Setting,49257,d79a177e-3ac2-481f-aa26-99727f7ba601,settings,BDU1501458UR,brand-logo-27f0236370fec978f50e10af0bfecd29.png,image/jpeg,public,public,223199,[],[],[],[],133,2023-12-16 21:58:08,2023-12-16 21:58:08
139,App\Models\User,1754,517d3bbb-db6d-492d-9967-cabf2585f4cd,profile,305966311_452260280277603_6078885249742517336_n,305966311_452260280277603_6078885249742517336_n.jpg,image/jpeg,public,public,68176,[],[],[],[],134,2023-12-16 22:07:29,2023-12-16 22:07:29
140,App\Models\User,1802,89b7f554-18a3-4ad6-9ab3-307a8599c88f,profile,Snapchat-336385792,Snapchat-336385792.jpg,image/jpeg,public,public,184664,[],[],[],[],135,2023-12-18 16:54:08,2023-12-18 16:54:08
141,App\Models\Product,85,a628f528-8d95-40bb-988f-25ad491a4bac,product,pngegg,pngegg.png,image/png,public,public,463577,[],[],[],[],136,2023-12-19 14:48:48,2023-12-19 14:48:48
142,App\Models\Product,86,4ea01800-7ee2-44b0-b331-124dcc5e1214,product,APC_Easy_UPS_1000VA,APC_Easy_UPS_1000VA.jpg,image/jpeg,public,public,89073,[],[],[],[],137,2023-12-19 14:52:18,2023-12-19 14:52:18
143,App\Models\Product,87,5a4c5bb4-0390-4e8d-aac5-af4081527e1a,product,DGS-F1210,DGS-F1210.png,image/png,public,public,5194,[],[],[],[],138,2023-12-19 14:54:37,2023-12-19 14:54:37
144,App\Models\Product,88,b9e0fabf-6d81-46bd-bd52-f0103b2a6275,product,Cat-6-Outdoor-Ethernet-Cable-305-metres,Cat-6-Outdoor-Ethernet-Cable-305-metres.webp,image/webp,public,public,10832,[],[],[],[],139,2023-12-19 14:56:46,2023-12-19 14:56:46
145,App\Models\Product,89,eac24f90-7684-4751-b740-961211e842a9,product,CCTV,CCTV.jpg,image/jpeg,public,public,57801,[],[],[],[],140,2023-12-19 14:59:14,2023-12-19 14:59:14
146,App\Models\Product,91,bba3bb78-1aad-4139-b543-4e56aef89b7e,product,s-l1600,s-l1600.jpg,image/jpeg,public,public,33350,[],[],[],[],141,2023-12-19 15:04:34,2023-12-19 15:04:34
147,App\Models\Product,92,26987005-db33-4f6e-83ba-d61622586211,product,pvc-trunking-scaled,pvc-trunking-scaled.jpeg,image/jpeg,public,public,43058,[],[],[],[],142,2023-12-19 15:06:50,2023-12-19 15:06:50
148,App\Models\Product,93,bb9f24ed-2d86-4d0d-8d96-6fb2120a0309,product,s-l960,s-l960.jpg,image/jpeg,public,public,76604,[],[],[],[],143,2023-12-19 15:08:58,2023-12-19 15:08:58
149,App\Models\Product,94,4b34853f-2782-4d31-be24-ed2cd1ae2637,product,s-l960 (1),s-l960-(1).jpg,image/jpeg,public,public,29365,[],[],[],[],144,2023-12-19 15:10:46,2023-12-19 15:10:46
150,App\Models\Product,95,dfc1a3e0-d02b-4f1a-a5bd-e3399a1cd86a,product,s-l1600 (1),s-l1600-(1).jpg,image/jpeg,public,public,30721,[],[],[],[],145,2023-12-19 15:13:34,2023-12-19 15:13:34
151,App\Models\Product,96,87df8ed3-1cbe-414b-8f17-c7eae5a1f332,product,sssss,sssss.webp,image/webp,public,public,173320,[],[],[],[],146,2023-12-19 15:15:52,2023-12-19 15:15:52
152,App\Models\Product,97,8047cf12-0a5a-4b50-983f-945ec27c49ec,product,s-l1600 (2),s-l1600-(2).jpg,image/jpeg,public,public,153258,[],[],[],[],147,2023-12-19 15:18:06,2023-12-19 15:18:06
153,App\Models\Blog,43,61ea8683-80fc-420d-9fb1-40a515077cfd,blog,download free invoice template,download-free-invoice-template.jpg,image/jpeg,public,public,134218,[],[],[],[],148,2023-12-19 20:02:44,2023-12-19 20:02:44
154,App\Models\Setting,3407,25d25fc3-861e-40a2-8905-0a8a6b9f3250,settings,cwsbanner3,brand-logo-614612089df58c600adb44a7b80d0922.png,image/jpeg,public,public,827148,[],[],[],[],149,2023-12-21 10:18:17,2023-12-21 10:18:17
155,App\Models\Blog,44,65327796-d790-415d-91b1-ad95cb8d0bba,blog,free invoice generators,free-invoice-generators.jpg,image/jpeg,public,public,304817,[],[],[],[],150,2023-12-21 20:27:15,2023-12-21 20:27:15
156,App\Models\User,1939,3784959c-99d0-4dcf-bb1a-80cb3dbcbfc0,profile,IMG_20231223_234839_926,IMG_20231223_234839_926.jpg,image/jpeg,public,public,47538,[],[],[],[],151,2023-12-27 08:26:37,2023-12-27 08:26:37
157,App\Models\User,1963,116d9e26-fb08-4897-8f8c-6101c5f68a5a,profile,Screenshot_2023-12-27-14-01-36-628-edit_com.miui.gallery,Screenshot_2023-12-27-14-01-36-628-edit_com.miui.gallery.jpg,image/jpeg,public,public,132096,[],[],[],[],152,2023-12-27 13:46:53,2023-12-27 13:46:53
158,App\Models\Setting,57394,91a9f1da-1362-4658-86c6-c93c514102d4,settings,IMG_8568,brand-logo-f533dc07399f0a77b733ba763bd10207.png,image/jpeg,public,public,484533,[],[],[],[],153,2023-12-29 20:47:16,2023-12-29 20:47:16
159,App\Models\Product,107,6fb8b79e-b6ea-46e8-a343-821a9e0d6e13,product,Betenut,Betenut.jpg,image/jpeg,public,public,53522,[],[],[],[],154,2024-01-01 17:30:52,2024-01-01 17:30:52
160,App\Models\Blog,45,dd4726a9-c357-41c2-bb99-8616b8222e17,blog,free invoice maker,free-invoice-maker.jpg,image/jpeg,public,public,76491,[],[],[],[],155,2024-01-04 17:39:03,2024-01-04 17:39:03
161,App\Models\Setting,62322,e69659ef-c00d-496b-931e-fdd4b2a1b91e,settings,web logo,brand-logo-ba1c91211de17268bd236549368d7187.png,image/jpeg,public,public,7512,[],[],[],[],156,2024-01-05 16:56:41,2024-01-05 16:56:41
162,App\Models\User,2198,85e696ef-59a1-429a-825c-d132704a14a9,profile,Untitled23,Untitled23.jpg,image/jpeg,public,public,3615,[],[],[],[],157,2024-01-05 17:07:24,2024-01-05 17:07:24
164,App\Models\User,2337,232fd8df-285d-4d2c-b83a-357204128ae5,profile,691154f1-93af-46e7-8d62-dac98392c3df,691154f1-93af-46e7-8d62-dac98392c3df.jpg,image/jpeg,public,public,36065,[],[],[],[],159,2024-01-10 13:30:03,2024-01-10 13:30:03
165,App\Models\Blog,46,5a00218c-bc41-459e-97da-2c46121a6838,blog,free software for billing,free-software-for-billing.jpg,image/jpeg,public,public,54011,[],[],[],[],160,2024-01-10 16:57:01,2024-01-10 16:57:01
166,App\Models\Product,142,d1af2b3a-d2b9-4796-89d8-d26ed392c9ae,product,businessman-giving-money-us-dollar-260nw-680860018,businessman-giving-money-us-dollar-260nw-680860018.webp,image/webp,public,public,17138,[],[],[],[],161,2024-01-18 17:42:12,2024-01-18 17:42:12
167,App\Models\Setting,75858,3b6d426e-68be-44e5-9bf6-81f7a9c200df,settings,brand-logo-614612089df58c600adb44a7b80d0922,brand-logo-2e079287f32f6852bc5ea76f463a47ec.png,image/jpeg,public,public,827148,[],[],[],[],162,2024-01-23 11:54:14,2024-01-23 11:54:14
168,App\Models\User,1001,4a14452c-c262-4110-a37b-c2c9d960c3df,profile,brand-logo-614612089df58c600adb44a7b80d0922,brand-logo-614612089df58c600adb44a7b80d0922.png,image/jpeg,public,public,827148,[],[],[],[],163,2024-01-23 11:55:03,2024-01-23 11:55:03
170,App\Models\Setting,76018,bbb5167a-0cd6-4dac-b55c-f7c98210c652,settings,brand-logo-614612089df58c600adb44a7b80d0922,brand-logo-e4a25642cf538071ff53ec135a067941.png,image/jpeg,public,public,827148,[],[],[],[],165,2024-01-23 12:19:37,2024-01-23 12:19:37
171,App\Models\User,2663,9e5d2fac-29be-44a0-b21a-1fab66442939,profile,brand-logo-614612089df58c600adb44a7b80d0922,brand-logo-614612089df58c600adb44a7b80d0922.png,image/jpeg,public,public,827148,[],[],[],[],166,2024-01-23 12:22:34,2024-01-23 12:22:34
172,App\Models\Blog,47,a339964d-976f-4381-b7b6-8a1b2d48a213,blog,create professinal invoices,create-professinal-invoices.jpg,image/jpeg,public,public,114352,[],[],[],[],167,2024-01-24 18:25:11,2024-01-24 18:25:11
173,App\Models\User,2803,55d944dd-7601-4e4d-a2c0-2623c9365c60,profile,20230127_102442_0000,20230127_102442_0000.png,image/png,public,public,204636,[],[],[],[],168,2024-01-25 16:21:35,2024-01-25 16:21:35
174,App\Models\User,2888,0fb0304c-d52b-4ee3-b782-2d1ad6ecf862,profile,Sans titre,Sans-titre.png,image/png,public,public,3654,[],[],[],[],169,2024-01-26 19:53:38,2024-01-26 19:53:38
175,App\Models\User,2903,d300c5f1-9410-43c7-87c0-091b2dd18ff2,profile,Explore the Switzerland of Africa,Explore-the-Switzerland-of-Africa.png,image/png,public,public,31765,[],[],[],[],170,2024-01-27 03:58:17,2024-01-27 03:58:17
176,App\Models\User,2913,e757a0cf-6f1b-4471-8050-6701a9c82d77,profile,84179edf09d79962b0c68c1642dbc1b8,84179edf09d79962b0c68c1642dbc1b8.jpg,image/jpeg,public,public,10169,[],[],[],[],171,2024-01-27 10:07:12,2024-01-27 10:07:12
177,App\Models\Setting,84242,c5dd346b-ddd2-4d4b-a004-d95d9e4c0d4f,settings,cwsbanner3,brand-logo-2540ed66c7ca71dbb1a9b2877ffc19c8.png,image/jpeg,public,public,827148,[],[],[],[],172,2024-01-31 12:47:53,2024-01-31 12:47:53
183,App\Models\Setting,84265,f8e40964-2bf0-4c7c-b81a-cac487af6530,settings,cwsbanner3,brand-logo-963691667842228c6c915eb69baeb8c4.png,image/jpeg,public,public,827148,[],[],[],[],177,2024-02-01 13:30:24,2024-02-01 13:30:24
185,App\Models\Setting,31305,dbba649b-fcbd-415f-94ea-dc3866be590f,settings,businessman-giving-money-us-dollar-260nw-680860018,brand-logo-fc9b2a6349c673271df1914d4732697f.png,image/webp,public,public,17138,[],[],[],[],179,2024-02-02 17:45:14,2024-02-02 17:45:14
186,App\Models\Setting,84594,e5bdb0c6-ad7c-4d1d-86b6-c1ea551661da,settings,cws logo,brand-logo-9622367688efeb5793fbac3fa92e048e.png,image/png,public,public,80319,[],[],[],[],180,2024-02-02 17:50:33,2024-02-02 17:50:33
187,App\Models\Setting,84617,17f0891a-3141-4209-8ec0-9e61914bb89b,settings,download (1),brand-logo-12764cc396c0d4535982600d7adff43a.png,image/jpeg,public,public,8662,[],[],[],[],181,2024-02-02 17:50:33,2024-02-02 17:50:33
189,App\Models\Setting,84818,0319df87-1154-4b6b-9e81-4a76e337b6da,settings,34.png,brand-logo-9ba3a903aff8c9563f51ca26be469bfb.png,image/png,public,public,17435,[],[],[],[],182,2024-02-02 19:00:02,2024-02-02 19:00:02
190,App\Models\Setting,84850,235ff37f-283d-47e2-a01c-f60e7547bbd6,settings,IMG_2497,brand-logo-d763fe4d22b55406ef2fea49db282eb4.png,image/png,public,public,70489,[],[],[],[],183,2024-02-02 21:19:41,2024-02-02 21:19:41
191,App\Models\User,2960,adaef23c-4ea3-448d-93ff-6937323f9d81,profile,IMG_2498,IMG_2498.png,image/png,public,public,20608,[],[],[],[],184,2024-02-02 21:42:17,2024-02-02 21:42:17
192,App\Models\Setting,84937,941043c6-ff0d-4016-9d47-f56aba6d0734,settings,OceanAir-Travel---Tourism-LLC-United-Arab-Emirates-34541-1531644676-og,brand-logo-2f95b0cec494334e50667f804dbd2b88.png,image/webp,public,public,5566,[],[],[],[],185,2024-02-03 11:17:17,2024-02-03 11:17:17
193,App\Models\Setting,84978,afa45e3c-4d29-4fa7-ab13-0783d7ba55e9,settings,reef,brand-logo-441ada1dad5a5af6d0fa22646e5ab384.png,image/jpeg,public,public,13943,[],[],[],[],186,2024-02-03 19:44:00,2024-02-03 19:44:00
194,App\Models\Setting,85001,d24afd84-3da6-41c7-9cc6-8c22cf717331,settings,reef,brand-logo-fa204848a292a5c1b121048b321930ab.png,image/jpeg,public,public,13943,[],[],[],[],187,2024-02-03 19:44:00,2024-02-03 19:44:00
195,App\Models\User,2965,412c64b5-7249-487b-b15c-bc03d199643e,profile,reef,reef.jpg,image/jpeg,public,public,13943,[],[],[],[],188,2024-02-03 19:56:01,2024-02-03 19:56:01
196,App\Models\Blog,48,82913f14-27cc-4fc5-bc03-c3990a64dbfe,blog,cloud billing automation,cloud-billing-automation.jpg,image/jpeg,public,public,187016,[],[],[],[],189,2024-02-06 18:46:59,2024-02-06 18:46:59
197,App\Models\Blog,49,8a9dc385-f2ff-4c4e-8a02-39cdb0aa0137,blog,the best invoice generator tool,the-best-invoice-generator-tool.png,image/png,public,public,242620,[],[],[],[],190,2024-02-09 16:01:30,2024-02-09 16:01:30
198,App\Models\Setting,85298,0a3bf511-a63f-4276-8dc5-1f5d33b38f7c,settings,Rafeh Logo PNG,brand-logo-5c2fe0457060ce8b708954ebf701d220.png,image/png,public,public,48667,[],[],[],[],191,2024-02-10 09:43:32,2024-02-10 09:43:32
199,App\Models\Setting,85321,6e45074e-2c42-474c-bf26-9734df735e7d,settings,Rafeh Stamp PNG,brand-logo-c0b2092bf9203da067f6032b5db33e3d.png,image/png,public,public,9721,[],[],[],[],192,2024-02-10 09:43:32,2024-02-10 09:43:32
200,App\Models\Setting,85394,573c69d2-e112-4686-8ebe-7360f93736cf,settings,IMG_5902,brand-logo-8d7f80a20adb8ee71dd7ee36d9e723bc.png,image/jpeg,public,public,36219,[],[],[],[],193,2024-02-10 09:51:02,2024-02-10 09:51:02
201,App\Models\Setting,85417,47a34316-71da-48f4-9bc9-0e53ff9835e3,settings,IMG_5902,brand-logo-22ed6bc9af65edc2a544c9ac6728cbc6.png,image/jpeg,public,public,36219,[],[],[],[],194,2024-02-10 09:51:02,2024-02-10 09:51:02
202,App\Models\Setting,85842,8f53f72b-3c7c-479b-a9a8-7ceb4c9e05a8,settings,IMG-20240209-WA0054,brand-logo-13fed3df8ff3b877f39043b3b097d1e0.png,image/jpeg,public,public,70134,[],[],[],[],195,2024-02-10 13:44:12,2024-02-10 13:44:12
203,App\Models\Setting,85874,bff6657d-a65d-4ab4-9b07-743a9f3cbae0,settings,4dd69fac-e442-4407-9ed2-700558f52b7a,brand-logo-53ea28f4a40a953eac702bfd3baa70b2.png,image/jpeg,public,public,7865,[],[],[],[],196,2024-02-10 15:06:22,2024-02-10 15:06:22
204,App\Models\Setting,86098,ea18171a-57d2-4dd6-bce6-457a2a008814,settings,Screenshot_2024-02-09-20-12-12-48_5c3778fb27120e413e3b175c1c187aee,brand-logo-0ce38c9cae2887a4fcd28fbbe437b294.png,image/jpeg,public,public,421338,[],[],[],[],197,2024-02-10 17:12:39,2024-02-10 17:12:39
205,App\Models\Setting,86121,7687faa8-9df3-444e-b224-25b5d2698f71,settings,Screenshot_2024-02-09-20-12-12-48_5c3778fb27120e413e3b175c1c187aee,brand-logo-7ef853ba7eef673f44d794bd361ad67d.png,image/jpeg,public,public,421338,[],[],[],[],198,2024-02-10 17:12:39,2024-02-10 17:12:39
206,App\Models\Blog,50,b4c1fc4e-cf73-440b-8257-f8dee5455ab4,blog,create invoices online,create-invoices-online.jpg,image/jpeg,public,public,301264,[],[],[],[],199,2024-02-12 20:31:53,2024-02-12 20:31:53
207,App\Models\Blog,51,609ab53f-e8ea-444d-81b3-95719df12e79,blog,free invoice template,free-invoice-template.png,image/png,public,public,295850,[],[],[],[],200,2024-02-15 13:25:07,2024-02-15 13:25:07
208,App\Models\Blog,52,5b031edf-4a12-4f77-aec8-d52fe0f5bf81,blog,billing software for your business,billing-software-for-your-business.jpg,image/jpeg,public,public,304451,[],[],[],[],201,2024-02-20 12:38:20,2024-02-20 12:38:20
209,App\Models\Product,197,9d430011-2cf6-4558-ba1a-607f090f4294,product,cws logo,cws-logo.png,image/png,public,public,80319,[],[],[],[],202,2024-02-22 13:08:42,2024-02-22 13:08:42
210,App\Models\User,2974,9ee59001-bfde-4081-bf91-f1a9358bada9,profile,download (1),download-(1).jpg,image/jpeg,public,public,8662,[],[],[],[],203,2024-02-22 16:02:30,2024-02-22 16:02:30
211,App\Models\Blog,53,14c75c4e-34d1-4fdf-a572-4159811c4996,blog,invoicing for business grow,invoicing-for-business-grow.jpg,image/jpeg,public,public,100249,[],[],[],[],204,2024-02-26 17:26:05,2024-02-26 17:26:05
212,App\Models\Blog,54,0fac9577-8564-4fcb-972a-a255d938bd37,blog,Billing System Architecture,Billing-System-Architecture.jpg,image/jpeg,public,public,262659,[],[],[],[],205,2024-02-29 14:16:48,2024-02-29 14:16:48
213,App\Models\Blog,55,6041c374-cba4-47d6-8e10-f5c9a2c2927c,blog,top billing strategy,top-billing-strategy.jpg,image/jpeg,public,public,276253,[],[],[],[],206,2024-03-07 18:25:28,2024-03-07 18:25:28
214,App\Models\User,3043,af67a48a-2118-4b05-93ef-d6083725a527,profile,1694089723138-Logo,1694089723138-Logo.png,image/png,public,public,13824,[],[],[],[],207,2024-03-08 18:20:46,2024-03-08 18:20:46
215,App\Models\Blog,56,5c5cdec5-9b10-441e-ad23-24395d8cba45,blog,online invoice generator,online-invoice-generator.jpg,image/jpeg,public,public,136782,[],[],[],[],208,2024-03-11 11:57:44,2024-03-11 11:57:44
216,App\Models\Blog,57,5a476c2c-5ceb-4988-ad76-f96d13afe290,blog,Complex billing with the best online invoicing software,Complex-billing-with-the-best-online-invoicing-software.jpg,image/jpeg,public,public,152269,[],[],[],[],209,2024-03-12 18:30:57,2024-03-12 18:30:57
217,App\Models\Blog,58,7c60f486-3714-4770-b160-237764adccb8,blog,ai billing software,ai-billing-software.jpg,image/jpeg,public,public,160022,[],[],[],[],210,2024-03-14 16:29:44,2024-03-14 16:29:44
219,App\Models\Setting,82034,000550fc-645d-4d09-b4f5-2b1760f7a924,settings,HANUMAN,brand-logo-ee5369fb1b5bd8182227454aac8ef9df.png,image/jpeg,public,public,340454,[],[],[],[],211,2024-03-17 15:38:34,2024-03-17 15:38:34
220,App\Models\Blog,59,93c8e555-27f1-4400-a578-c312aded1b28,blog,free invoicing software,free-invoicing-software.jpg,image/jpeg,public,public,158812,[],[],[],[],212,2024-03-21 14:14:55,2024-03-21 14:14:55
221,App\Models\Blog,60,7f93357a-8d0c-4bcb-afa5-587f7021de58,blog,Simple Ways to Manage Invoices and Payments,Simple-Ways-to-Manage-Invoices-and-Payments.jpg,image/jpeg,public,public,55175,[],[],[],[],213,2024-03-27 14:46:02,2024-03-27 14:46:02
223,App\Models\User,3054,613b92b5-f67a-4816-b587-1a78d51aac88,profile,businessman-giving-money-us-dollar-260nw-680860018,businessman-giving-money-us-dollar-260nw-680860018.webp,image/webp,public,public,17138,[],[],[],[],214,2024-03-29 11:00:15,2024-03-29 11:00:15
224,App\Models\User,3055,a45053c8-c477-406c-be79-96a9371188c9,profile,4343,4343.jpg,image/jpeg,public,public,3651,[],[],[],[],215,2024-03-29 11:00:48,2024-03-29 11:00:48
225,App\Models\User,3056,147b763e-87f9-451d-8123-f3f5a4356e78,profile,download (1),download-(1).jpg,image/jpeg,public,public,8662,[],[],[],[],216,2024-03-29 11:02:20,2024-03-29 11:02:20
226,App\Models\User,3053,e0f4fa10-49dd-4e11-8b49-b1fcd234a061,profile,ico-gyroscope-2x,ico-gyroscope-2x.png,image/png,public,public,4081,[],[],[],[],217,2024-03-29 11:05:27,2024-03-29 11:05:27
227,App\Models\Setting,87026,4254649f-51fa-46e4-bd96-21ceebe45ff1,settings,ico-u-launcher-2x,brand-logo-07cd10ea5e65dce43db3d17da3f35432.png,image/png,public,public,3442,[],[],[],[],218,2024-03-29 11:05:42,2024-03-29 11:05:42
228,App\Models\User,3057,2a3441cc-c81f-4d96-a472-052dd9fb0f1d,profile,ico-starting-price-2x,ico-starting-price-2x.png,image/png,public,public,1998,[],[],[],[],219,2024-03-29 11:29:47,2024-03-29 11:29:47
229,App\Models\Product,235,a11cac9f-80e2-4415-abb8-9414f30f6ef0,product,ico-starting-price-2x,ico-starting-price-2x.png,image/png,public,public,1998,[],[],[],[],220,2024-03-29 11:58:04,2024-03-29 11:58:04
230,App\Models\User,108,0766bc93-a964-43fa-88cf-39efd7597c0b,profile,ico-participants-2x,ico-participants-2x.png,image/png,public,public,1951,[],[],[],[],221,2024-03-29 12:36:37,2024-03-29 12:36:37
231,App\Models\Blog,61,0764f7a4-8198-4e8e-bd06-557c8723e461,blog,implementing e-invoicing,implementing-e-invoicing.jpg,image/jpeg,public,public,50276,[],[],[],[],222,2024-04-01 21:27:30,2024-04-01 21:27:30
232,App\Models\User,3072,2cfbb837-3402-482e-b70f-fd44230d23bb,profile,04,04.jpg,image/jpeg,public,public,18564,[],[],[],[],223,2024-04-05 17:32:41,2024-04-05 17:32:41
233,App\Models\Setting,87186,66bb3467-0fb1-4d9d-bfc2-95a3b71371f1,settings,1000040966,brand-logo-542494102c25a4aabcf1cfce55c6386a.png,image/jpeg,public,public,11966,[],[],[],[],224,2024-04-05 23:02:05,2024-04-05 23:02:05
234,App\Models\Setting,87506,bbd0cb73-1c52-46a0-b6aa-b703f69bb96d,settings,download (4),brand-logo-412c09075f1c67209ae01b52e308ca1d.png,image/jpeg,public,public,4112,[],[],[],[],225,2024-04-08 10:23:41,2024-04-08 10:23:41
235,App\Models\User,3090,5e7ca565-3fb3-41d9-b292-a4bbace43adc,profile,businessman-giving-money-us-dollar-260nw-680860018,businessman-giving-money-us-dollar-260nw-680860018.webp,image/webp,public,public,17138,[],[],[],[],226,2024-04-09 12:08:59,2024-04-09 12:08:59
236,App\Models\User,125,38c4d346-da3f-43da-ab6a-9bb903f5a85f,profile,cws logo,cws-logo.png,image/png,public,public,80319,[],[],[],[],227,2024-04-09 12:09:35,2024-04-09 12:09:35
238,App\Models\Setting,87634,1c527d8d-e7ef-408c-9568-4861057cd451,settings,4343,brand-logo-1818b59e8dba28cf68e5e9bfc3d3fb24.png,image/jpeg,public,public,3651,[],[],[],[],228,2024-04-09 12:11:22,2024-04-09 12:11:22
239,App\Models\Blog,62,233608f7-858f-4e50-92cd-3ef9f8058d2a,blog,cash flow statement,cash-flow-statement.jpg,image/jpeg,public,public,52631,[],[],[],[],229,2024-04-10 13:50:06,2024-04-10 13:50:06
240,App\Models\Setting,87922,1af307b6-a62d-4e58-8b31-649917cf2b00,settings,cws logo,brand-logo-865e3c45e72431239c32216e136e38bb.png,image/png,public,public,80319,[],[],[],[],230,2024-04-16 17:35:27,2024-04-16 17:35:27
242,App\Models\Setting,88018,eeb7c506-9abe-4602-b2e8-d2ed6d8d995c,settings,02,brand-logo-d426d6a38f6741fa833744accde1f972.png,image/jpeg,public,public,3146,[],[],[],[],232,2024-04-17 11:07:10,2024-04-17 11:07:10
243,App\Models\User,3103,4123e130-0cf3-49c0-98b0-e5a0e037b21e,profile,04,04.jpg,image/jpeg,public,public,2820,[],[],[],[],233,2024-04-17 11:07:41,2024-04-17 11:07:41
244,App\Models\User,1001,e880d50d-5770-4727-81c7-bce8219e059f,profile,07,07.jpg,image/jpeg,public,public,16085,[],[],[],[],234,2024-04-17 13:21:35,2024-04-17 13:21:35
245,App\Models\Blog,63,9ae6ce55-73d5-47d2-a43d-421762894870,blog,Invoice Processing Gets a Boost,Invoice-Processing-Gets-a-Boost.jpg,image/jpeg,public,public,99804,[],[],[],[],235,2024-04-17 14:05:32,2024-04-17 14:05:32
246,App\Models\User,3100,8504f14e-60cb-488a-98da-f9caf46a96b5,profile,1694089723138-Logo,1694089723138-Logo.png,image/png,public,public,13824,[],[],[],[],236,2024-04-17 14:14:50,2024-04-17 14:14:50
247,App\Models\User,3106,28a8c66f-dc1e-4469-a2a9-c2347c72fb14,profile,4343,4343.jpg,image/jpeg,public,public,3651,[],[],[],[],237,2024-04-17 14:31:24,2024-04-17 14:31:24
248,App\Models\Product,260,d9b721f4-b63b-4d61-9203-b8c751bf374f,product,06,06.jpg,image/jpeg,public,public,18910,[],[],[],[],238,2024-04-17 15:16:07,2024-04-17 15:16:07
251,App\Models\User,3099,2d8a4fbc-0563-4173-8193-aee5ff1d4c1e,profile,4343,4343.jpg,image/jpeg,public,public,3651,[],[],[],[],240,2024-04-17 16:52:37,2024-04-17 16:52:37
252,App\Models\Product,265,16e040c0-e483-4f01-9dcd-81b6b588c4fc,product,4343,4343.jpg,image/jpeg,public,public,3651,[],[],[],[],241,2024-04-18 14:08:22,2024-04-18 14:08:22
254,App\Models\User,3149,b7668af1-6bf5-4780-9255-74b286509a76,profile,1000194043,1000194043.jpg,image/jpeg,public,public,82232,[],[],[],[],242,2024-04-21 09:55:53,2024-04-21 09:55:53
255,App\Models\Setting,87954,d8971cf2-2702-45e1-8f4d-786e6cbb7960,settings,4343,brand-logo-e55049fa762b864c84df0b8226d26ec1.png,image/jpeg,public,public,3651,[],[],[],[],243,2024-04-22 12:08:16,2024-04-22 12:08:16
256,App\Models\User,3216,50b167a3-2637-4a4b-a35f-8397a3e3b690,profile,IMG_1345,IMG_1345.png,image/png,public,public,25641,[],[],[],[],244,2024-04-24 09:44:30,2024-04-24 09:44:30
257,App\Models\Blog,64,01268c35-fb71-427c-a71c-fc212f34ac68,blog,What is Invoice Financing and How Does It Work,What-is-Invoice-Financing-and-How-Does-It-Work.png,image/png,public,public,607074,[],[],[],[],245,2024-04-24 18:56:32,2024-04-24 18:56:32
258,App\Models\User,3237,8b4aed0c-6e6d-4105-adab-90259537a5b9,profile,Logo Loved 2,Logo-Loved-2.png,image/png,public,public,410170,[],[],[],[],246,2024-04-25 01:06:10,2024-04-25 01:06:10
259,App\Models\User,3236,147804ad-16b6-4868-9fa3-28fd1518a200,profile,Logo Loved 2,Logo-Loved-2.png,image/png,public,public,410170,[],[],[],[],247,2024-04-25 01:19:19,2024-04-25 01:19:19
260,App\Models\User,3228,dfff8bcd-f39f-42fd-b657-f6d4ec021085,profile,Screenshot_2024-04-06-22-50-17-26_40deb401b9ffe8e1df2f1cc5ba480b12,Screenshot_2024-04-06-22-50-17-26_40deb401b9ffe8e1df2f1cc5ba480b12.jpg,image/jpeg,public,public,49266,[],[],[],[],248,2024-04-25 08:00:40,2024-04-25 08:00:40
261,App\Models\User,3256,5ac2fc20-1467-4f60-aee4-9d18ce7f8df0,profile,ostudkart_com_logo,ostudkart_com_logo.jpeg,image/jpeg,public,public,10347,[],[],[],[],249,2024-04-25 16:57:32,2024-04-25 16:57:32
262,App\Models\User,3259,63daac08-2eae-4ec8-8140-4f2677b0e734,profile,750dd102a23240f7b7f7f3e8a67f1973,750dd102a23240f7b7f7f3e8a67f1973.png,image/png,public,public,4006,[],[],[],[],250,2024-04-25 19:59:51,2024-04-25 19:59:51
264,App\Models\Setting,91826,5f9d2d07-3555-431a-9073-658acc1e26e9,settings,Screenshot_20240425-164346_Google,brand-logo-6f9caeff6dd2080ad41147f490ea9b1d.png,image/jpeg,public,public,25249,[],[],[],[],251,2024-04-25 20:13:27,2024-04-25 20:13:27
265,App\Models\Setting,91922,7e5a8a51-11ff-4721-ab34-613f90fc0e85,settings,images,brand-logo-475923a4d9e477f0de1d4fe9370e64bd.png,image/jpeg,public,public,10109,[],[],[],[],252,2024-04-25 20:55:00,2024-04-25 20:55:00
266,App\Models\User,3279,1fbc4cb9-6285-473e-ae6b-6bd01b291707,profile,gyroscope-03-2x (1),gyroscope-03-2x-(1).jpg,image/jpeg,public,public,81407,[],[],[],[],253,2024-04-26 16:47:24,2024-04-26 16:47:24
267,App\Models\Setting,108116,7243f723-0a73-4f06-a681-339e2a3119d3,settings,ico-gyroscope-2x,brand-logo-4e7ef758f80ea9d9c4a2a85aa606d181.png,image/png,public,public,4081,[],[],[],[],254,2024-04-26 16:55:23,2024-04-26 16:55:23
269,App\Models\User,3282,d53c7c93-8175-4809-9a6d-380d80206ac8,profile,4343,4343.jpg,image/jpeg,public,public,3651,[],[],[],[],256,2024-04-29 15:44:16,2024-04-29 15:44:16
270,App\Models\Blog,65,04cd1aa5-e85c-4785-9892-bcde1fab1b57,blog,How to Write Content That Gets Leads for SaaS Companies,How-to-Write-Content-That-Gets-Leads-for-SaaS-Companies.png,image/png,public,public,577750,[],[],[],[],257,2024-04-29 16:49:34,2024-04-29 16:49:34
271,App\Models\Setting,108192,9024079d-7e65-47f5-9e7a-f0faf5e20dea,settings,1694089723138-Logo,brand-logo-6949db05c27f0ce784638d04aacb900f.png,image/png,public,public,13824,[],[],[],[],258,2024-04-30 19:20:35,2024-04-30 19:20:35
272,App\Models\User,3285,2bca8302-fd57-4d22-bc50-718caf1377a6,profile,1694089723138-Logo,1694089723138-Logo.png,image/png,public,public,13824,[],[],[],[],259,2024-05-01 16:35:00,2024-05-01 16:35:00
273,App\Models\Blog,66,4bab0208-3ae9-4afd-9622-32ea54b40530,blog,"What is E-way Bill Eway Bill System, Rules & Generation Process","What-is-E-way-Bill-Eway-Bill-System,-Rules-&-Generation-Process.png",image/png,public,public,289297,[],[],[],[],260,2024-05-06 19:36:12,2024-05-06 19:36:12
275,App\Models\Setting,109104,4723bf98-735c-4bda-b2d2-13d1aa9096fe,settings,logo.,brand-logo-f7645aaaabd8efdf031af2eae7d9593a.png,image/png,public,public,3985,[],[],[],[],261,2024-05-08 18:19:44,2024-05-08 18:19:44
276,App\Models\Blog,67,863ca003-127e-4e27-8e12-45257399085c,blog,5 Trends of Billing and Invoicing Technologies,5-Trends-of-Billing-and-Invoicing-Technologies.png,image/png,public,public,702735,[],[],[],[],262,2024-05-08 22:07:40,2024-05-08 22:07:40
277,App\Models\User,3387,7adff3f7-736e-4097-ac90-1da8dcd05f50,profile,r,r.png,image/png,public,public,20974,[],[],[],[],263,2024-05-09 15:06:13,2024-05-09 15:06:13
278,App\Models\User,3412,e5570ec1-9992-4915-8802-6f7f5329d020,profile,51db84dc-836b-4fbf-94bd-66e74092263a,51db84dc-836b-4fbf-94bd-66e74092263a.jpeg,image/jpeg,public,public,233237,[],[],[],[],264,2024-05-10 10:52:02,2024-05-10 10:52:02
279,App\Models\User,3450,1af16406-227a-41f8-98e2-3065f90179bf,profile,IMG-20240429-WA0020,IMG-20240429-WA0020.jpg,image/jpeg,public,public,57738,[],[],[],[],265,2024-05-10 21:04:36,2024-05-10 21:04:36
280,App\Models\User,3448,a2441c5d-bd48-453d-a893-7ae6e0bb5196,profile,IMG_20231229_211049,IMG_20231229_211049.jpg,image/jpeg,public,public,67803,[],[],[],[],266,2024-05-10 21:09:56,2024-05-10 21:09:56
281,App\Models\Product,272,d7e4ae2e-da61-4aa5-a381-98c134ef8aca,product,IMG_8219,IMG_8219.jpeg,image/jpeg,public,public,92642,[],[],[],[],267,2024-05-11 22:08:53,2024-05-11 22:08:53
282,App\Models\User,3546,d8f59b4f-3b37-49d8-b520-ae2ba08243c0,profile,IMG-20240510-WA0079,IMG-20240510-WA0079.jpg,image/jpeg,public,public,34886,[],[],[],[],268,2024-05-13 18:05:55,2024-05-13 18:05:55
283,App\Models\Blog,68,79f13936-3fee-4eda-8a3a-c43fdbb88721,blog,ai invoicing and payment technology,ai-invoicing-and-payment-technology.png,image/png,public,public,515864,[],[],[],[],269,2024-05-13 20:12:21,2024-05-13 20:12:21
286,App\Models\Setting,31282,594f05d1-3868-468a-a310-e7eacae134ea,settings,4343,brand-logo-a312c221be84c618d8a4c7f541424986.png,image/jpeg,public,public,3651,[],[],[],[],271,2024-05-16 17:01:00,2024-05-16 17:01:00
287,App\Models\Product,278,cf7bd6e6-70b9-4a09-a420-b4412dd194e0,product,4343,4343.jpg,image/jpeg,public,public,3651,[],[],[],[],272,2024-05-16 17:25:57,2024-05-16 17:25:57
288,App\Models\User,3615,ede34592-f4bf-4cdf-b767-9b5ea7e61cca,profile,Screenshot 2024-05-17 101234,Screenshot-2024-05-17-101234.png,image/png,public,public,19943,[],[],[],[],273,2024-05-17 10:48:35,2024-05-17 10:48:35
289,App\Models\Blog,69,8893f64e-55e9-4caf-a011-d7123db35a14,blog,customize invoices,customize-invoices.jpg,image/jpeg,public,public,262533,[],[],[],[],274,2024-05-20 16:58:44,2024-05-20 16:58:44
291,App\Models\Blog,70,bb1e5f42-6ec5-4f53-a583-86a16593c1db,blog,saas billing software,saas-billing-software.jpg,image/jpeg,public,public,217803,[],[],[],[],275,2024-05-27 16:22:39,2024-05-27 16:22:39
292,App\Models\Setting,120542,41cfd72c-62d4-4515-9a45-2b45fccf59f6,settings,4343,brand-logo-14be206fc819011eb38cb2726ecff95c.png,image/jpeg,public,public,3651,[],[],[],[],276,2024-05-27 16:55:58,2024-05-27 16:55:58
293,App\Models\User,3675,67453d87-8132-4695-abc3-63072030adc3,profile,1694089723138-Logo,1694089723138-Logo.png,image/png,public,public,13824,[],[],[],[],277,2024-05-27 17:31:05,2024-05-27 17:31:05
294,App\Models\Setting,120846,11b87bea-257e-45b1-be54-815a4e5f137f,settings,150,brand-logo-b25c497beab45bc091762cad2eaea051.png,image/jpeg,public,public,12438,[],[],[],[],278,2024-05-28 09:29:40,2024-05-28 09:29:40
295,App\Models\User,3674,ae9ae3b0-8188-45fa-8882-820fb2147a8f,profile,4343,4343.jpg,image/jpeg,public,public,3651,[],[],[],[],279,2024-05-28 12:32:17,2024-05-28 12:32:17
296,App\Models\Setting,121036,800a56bb-0cde-467c-abea-17a140e5b74c,settings,Untitled design (1),brand-logo-cfb9de7fc4de8de024ce6572dc4482d1.png,image/jpeg,public,public,3377,[],[],[],[],280,2024-05-29 08:00:42,2024-05-29 08:00:42
297,App\Models\Blog,71,02fd68bd-4c1a-4a3e-88d8-a5cea52b530c,blog,Improving Supplier Relationships through Efficient Invoice Management,Improving-Supplier-Relationships-through-Efficient-Invoice-Management.jpg,image/jpeg,public,public,36320,[],[],[],[],281,2024-06-05 18:47:42,2024-06-05 18:47:42
298,App\Models\Blog,72,4db89c79-482e-4d9b-b6d1-fcce76afffdf,blog,Free Online Billing Software,Free-Online-Billing-Software.jpg,image/jpeg,public,public,46370,[],[],[],[],282,2024-06-11 16:26:05,2024-06-11 16:26:05
299,App\Models\Blog,73,967f1684-48f1-4d00-bccb-920240fad59c,blog,Building for Success Is Free Invoicing Software Holding You Back,Building-for-Success-Is-Free-Invoicing-Software-Holding-You-Back.png,image/png,public,public,363435,[],[],[],[],283,2024-06-14 11:12:28,2024-06-14 11:12:28
300,App\Models\Setting,122594,6eadb407-3003-4c78-9bc5-eb294945963c,settings,zO1kiUmGJWs2m2w3PwvnrjuJwG6DWnkIPS51YV0h,brand-logo-3827437eddb6989392b97ea417bcb0e5.png,image/png,public,public,17385,[],[],[],[],284,2024-06-24 11:53:50,2024-06-24 11:53:50
301,App\Models\Setting,123164,760b4bf7-069a-4ebe-a1e0-3ac9ca4284f4,settings,a70c233d-11cb-4245-ae5d-24b04222bd17,brand-logo-b173f4a69f6cd47f716b7c90490d7b8b.png,image/jpeg,public,public,6813,[],[],[],[],285,2024-06-25 12:44:55,2024-06-25 12:44:55
302,App\Models\Blog,74,70c8cec9-7f9c-4a6a-999e-d7320267e7c2,blog,The Future of Supply Chain,The-Future-of-Supply-Chain.png,image/png,public,public,139924,[],[],[],[],286,2024-06-25 12:59:35,2024-06-25 12:59:35
303,App\Models\Blog,75,3d6f243f-02ce-4f15-8ba2-cf929f7593e7,blog,From Excel to Automation Upgrading Your Invoicing System as a Freelancer in 2024,From-Excel-to-Automation-Upgrading-Your-Invoicing-System-as-a-Freelancer-in-2024.png,image/png,public,public,317079,[],[],[],[],287,2024-06-27 18:45:28,2024-06-27 18:45:28
304,App\Models\User,3770,b27b5f89-9857-449d-b8ec-98caa114894a,profile,logo png,logo-png.png,image/png,public,public,55304,[],[],[],[],288,2024-07-02 14:01:58,2024-07-02 14:01:58
305,App\Models\User,3773,f3508d30-841d-45ef-9ff5-cc9862529d07,profile,1-42,1-42.jpg,image/jpeg,public,public,198332,[],[],[],[],289,2024-07-02 14:34:29,2024-07-02 14:34:29
306,App\Models\Blog,76,9d2067c0-42fa-453f-8a1e-cf5a65ff98c5,blog,Traditional Accounting Software,Traditional-Accounting-Software.png,image/png,public,public,522018,[],[],[],[],290,2024-07-03 11:36:07,2024-07-03 11:36:07
307,App\Models\User,3784,176d29fc-ad26-4646-9f87-8c02ef18dd53,profile,download,download.webp,image/webp,public,public,208398,[],[],[],[],291,2024-07-03 17:07:24,2024-07-03 17:07:24
308,App\Models\User,3789,b54a6a73-f3ed-4a22-9902-03f3bf954c2c,profile,msndy,msndy.webp,image/webp,public,public,7258,[],[],[],[],292,2024-07-04 07:36:12,2024-07-04 07:36:12
309,App\Models\Blog,77,277d0be6-a620-4d00-92f6-f61431bc58f6,blog,Top 10 Free Billing Software,Top-10-Free-Billing-Software.png,image/png,public,public,242122,[],[],[],[],293,2024-07-04 11:59:10,2024-07-04 11:59:10
310,App\Models\User,3815,3a615bff-7d79-4ac7-a089-ecef0af37e88,profile,Screenshot (41) 1,Screenshot-(41)-1.png,image/png,public,public,231305,[],[],[],[],294,2024-07-08 20:05:34,2024-07-08 20:05:34
312,App\Models\Blog,78,efc9eea9-7b7d-4433-8346-7fff6f5db826,blog,Next-Level Free Online Billing Software,Next-Level-Free-Online-Billing-Software.png,image/png,public,public,235594,[],[],[],[],296,2024-07-16 11:39:43,2024-07-16 11:39:43
313,App\Models\Setting,43730,d7cc2cb9-0dde-4d50-bfdd-03c0880ff8d3,settings,53193,brand-logo-97bd815ee7f9b7b6807f738dcd8a2f85.png,image/png,public,public,16542,[],[],[],[],297,2024-07-25 14:17:36,2024-07-25 14:17:36
314,App\Models\Blog,79,61fe835b-59b5-4640-8be1-63da9dca8db6,blog,5 Sign Up Websites For Creating Free Invoices Online,5-Sign-Up-Websites-For-Creating-Free-Invoices-Online.png,image/png,public,public,289267,[],[],[],[],298,2024-07-25 14:32:34,2024-07-25 14:32:34
315,App\Models\Blog,80,bc590598-2c9c-4efb-8c81-d437a15925c6,blog,Create Invoices Using The Invoicely Mobile App,Create-Invoices-Using-The-Invoicely-Mobile-App.png,image/png,public,public,101161,[],[],[],[],299,2024-07-30 11:28:19,2024-07-30 11:28:19
318,App\Models\User,3615,cd44ae62-2675-4522-b91f-dde95655a5c3,profile,img-3,img-3.png,image/png,public,public,10088,[],[],[],[],300,2024-08-12 17:22:23,2024-08-12 17:22:23
319,App\Models\Blog,82,f40688ca-5ecc-48aa-ab42-f27e097ad0ee,blog,Invoice Software,Invoice-Software.png,image/png,public,public,212325,[],[],[],[],301,2024-08-13 17:01:25,2024-08-13 17:01:25
320,App\Models\Blog,83,5bb9ab99-25f4-4925-b353-1c254afb28cd,blog,Freelancers,Freelancers.png,image/png,public,public,180122,[],[],[],[],302,2024-08-20 17:20:32,2024-08-20 17:20:32
321,App\Models\Blog,84,284e6335-33c5-4997-a38f-a8da440b0037,blog,Payment Reminders with Invoice Software,Payment-Reminders-with-Invoice-Software.png,image/png,public,public,246700,[],[],[],[],303,2024-08-21 14:38:16,2024-08-21 14:38:16
322,App\Models\Blog,85,f6ffecee-6e06-452d-b3e8-b36ad4ef2fd8,blog,_Invoice Gets Paid,_Invoice-Gets-Paid.png,image/png,public,public,228559,[],[],[],[],304,2024-08-26 13:24:19,2024-08-26 13:24:19
323,App\Models\Blog,86,2063d50c-dc29-47e4-b4ad-8b2275f7df6e,blog,Top 7 Financial & Invoice Mistakes,Top-7-Financial-&-Invoice-Mistakes.png,image/png,public,public,216915,[],[],[],[],305,2024-08-28 14:26:03,2024-08-28 14:26:03
324,App\Models\Blog,87,45dac0ab-cf0e-42df-8a0d-94f849ad8e30,blog,Billing Software,Billing-Software.png,image/png,public,public,167829,[],[],[],[],306,2024-08-29 12:28:07,2024-08-29 12:28:07
325,App\Models\Blog,88,225239fb-b525-4054-abd3-4dd81a6503ec,blog,Invoice Software (1),Invoice-Software-(1).png,image/png,public,public,248149,[],[],[],[],307,2024-09-03 11:15:39,2024-09-03 11:15:39
326,App\Models\Blog,89,4c876423-c8b4-4690-ac3c-b372729858cb,blog,Invoice (1),Invoice-(1).png,image/png,public,public,135602,[],[],[],[],308,2024-09-10 11:04:26,2024-09-10 11:04:26
327,App\Models\Blog,90,83114668-3913-423c-b317-a007e50826eb,blog,Free Business Plan Template,Free-Business-Plan-Template.png,image/png,public,public,285754,[],[],[],[],309,2024-09-11 22:49:50,2024-09-11 22:49:50
328,App\Models\Blog,91,4ba82355-5b87-4563-a4e0-116e6091a267,blog,ror,ror.png,image/png,public,public,246978,[],[],[],[],310,2024-09-13 17:44:58,2024-09-13 17:44:58
329,App\Models\Blog,92,e151760b-62e5-4745-aedb-77108ca8a12d,blog,Free Template ,Free-Template-.png,image/png,public,public,195264,[],[],[],[],311,2024-09-19 12:49:57,2024-09-19 12:49:57
330,App\Models\User,3884,a0cef1a7-c515-4a9e-9b89-bf2bea8302b8,profile,ic_launcher,ic_launcher.png,image/png,public,public,36211,[],[],[],[],312,2024-09-25 12:38:45,2024-09-25 12:38:45
331,App\Models\Blog,93,64b013d0-0eea-47b8-b9a7-c0f705132aeb,blog,Avoid Startup Business Mistake,Avoid-Startup-Business-Mistake.png,image/png,public,public,408037,[],[],[],[],313,2024-09-25 15:15:26,2024-09-25 15:15:26
332,App\Models\User,3889,e1ae9b64-7574-4fdd-933f-31de79569804,profile,39f55cdf-39f5-4a24-a651-b61dc27d2885,39f55cdf-39f5-4a24-a651-b61dc27d2885.jpeg,image/jpeg,public,public,84571,[],[],[],[],314,2024-09-29 03:16:12,2024-09-29 03:16:12
333,App\Models\User,3891,cd284e0a-b020-470f-b425-e23a5de45d66,profile,PI-Logo-Cluster-Reverse-300x101,PI-Logo-Cluster-Reverse-300x101.webp,image/webp,public,public,10568,[],[],[],[],315,2024-09-29 23:31:15,2024-09-29 23:31:15
334,App\Models\Blog,94,27c036d1-89e4-421c-9402-f9d3c281a123,blog,Consulting Invoice Template,Consulting-Invoice-Template.png,image/png,public,public,223209,[],[],[],[],316,2024-10-08 12:10:28,2024-10-08 12:10:28
335,App\Models\Blog,95,13c40af7-9df3-4902-bf4d-82b9d300c737,blog,Billing Bee ,Billing-Bee-.png,image/png,public,public,193428,[],[],[],[],317,2024-10-12 22:37:25,2024-10-12 22:37:25
336,App\Models\Blog,96,98a6193a-470b-4a0f-a2be-8172398b6e29,blog,Contactless Payment Solutions,Contactless-Payment-Solutions.png,image/png,public,public,226164,[],[],[],[],318,2024-10-16 12:31:48,2024-10-16 12:31:48
337,App\Models\Blog,97,3e8a7f9e-96ee-4906-b674-0993db91d6e7,blog,Digital Invoices,Digital-Invoices.png,image/png,public,public,308416,[],[],[],[],319,2024-10-18 14:59:17,2024-10-18 14:59:17
338,App\Models\Blog,98,54539def-69fa-4d34-8794-e4dee5e85199,blog,freeinvoice (1),freeinvoice-(1).png,image/png,public,public,131806,[],[],[],[],320,2024-10-22 12:24:20,2024-10-22 12:24:20
339,App\Models\Blog,99,c24d3cba-aab2-4fd4-8e31-f46d0ceecd40,blog,Customer Experience Finding The Balance,Customer-Experience-Finding-The-Balance.png,image/png,public,public,293618,[],[],[],[],321,2024-10-25 14:16:07,2024-10-25 14:16:07
341,App\Models\Blog,100,ab991598-32b9-4cc5-802d-274df8af2d76,blog,GST Portal,GST-Portal.png,image/png,public,public,108098,[],[],[],[],322,2024-10-29 13:40:03,2024-10-29 13:40:03
342,App\Models\Blog,101,1fdfea84-1069-4365-a536-a48e2f64197b,blog,Invoice vs Bill vs Receipt,Invoice-vs-Bill-vs-Receipt.png,image/png,public,public,106676,[],[],[],[],323,2024-10-31 15:38:02,2024-10-31 15:38:02
343,App\Models\Blog,102,57b7abee-b9b8-4090-a258-0676c1328144,blog,moderninvoicing,moderninvoicing.png,image/png,public,public,276043,[],[],[],[],324,2024-11-04 13:20:02,2024-11-04 13:20:02
344,App\Models\Blog,103,f68655fb-718c-494b-8584-bcea3cef3aca,blog,Top 20 Effective Strategies To Cut Business  Expenses Using Invoice Software,Top-20-Effective-Strategies-To-Cut-Business--Expenses-Using-Invoice-Software.png,image/png,public,public,240114,[],[],[],[],325,2024-11-12 13:02:18,2024-11-12 13:02:18
345,App\Models\Blog,104,0fb96faf-d19a-446d-927a-ccf0d98bf2d6,blog,AI (5),AI-(5).png,image/png,public,public,307385,[],[],[],[],326,2024-11-18 15:17:35,2024-11-18 15:17:35
346,App\Models\Blog,105,1dc44a68-92bf-4a3c-9a3a-bbaef2bf9dff,blog,Top PDF To CSV Converters For Xero,Top-PDF-To-CSV-Converters-For-Xero.png,image/png,public,public,93826,[],[],[],[],327,2024-11-26 12:35:01,2024-11-26 12:35:01
347,App\Models\Blog,106,9b4e5508-bbff-43bb-85bf-776c963a2038,blog,Email Marketing Best Practices,Email-Marketing-Best-Practices.webp,image/webp,public,public,18958,[],[],[],[],328,2024-12-05 17:41:17,2024-12-05 17:41:17
348,App\Models\Blog,107,a6d9797f-3466-4434-877d-5c38e75bd402,blog,invoice billing software,invoice-billing-software.png,image/png,public,public,270174,[],[],[],[],329,2024-12-06 23:55:24,2024-12-06 23:55:24
349,App\Models\Setting,122328,6bd3bc0d-cde0-4a97-bd8e-3acf0c090945,settings,do-design-a-professional-creative-internet-services-logo-design 2,brand-logo-a4d25f79244c616d7430e703d28d9390.png,image/jpeg,public,public,3833,[],[],[],[],330,2024-12-21 22:38:17,2024-12-21 22:38:17
350,App\Models\Product,331,6b0d98d9-001a-475a-a9ff-19d58fd92a21,product,profile-default-icon-2048x2045-u3j7s5nj,profile-default-icon-2048x2045-u3j7s5nj.png,image/png,public,public,98423,[],[],[],[],331,2025-01-08 13:12:06,2025-01-08 13:12:06
351,App\Models\User,3941,174e6515-c382-4c27-a0cf-2bb0297de34c,profile,TheBagAttitude_ Logo_4c_Rev,TheBagAttitude_-Logo_4c_Rev.png,image/png,public,public,117543,[],[],[],[],332,2025-01-12 01:14:06,2025-01-12 01:14:06
352,App\Models\User,3940,eac083ab-f62d-47b0-80e5-80852f463e88,profile,davegillem-logo,davegillem-logo.png,image/png,public,public,10179,[],[],[],[],333,2025-01-12 01:14:51,2025-01-12 01:14:51
353,App\Models\Setting,127724,e99790f2-d0c0-4a65-93a5-7f240301c755,settings,davegillem-logo-150x150,brand-logo-c896e65fdead13702310153e7f190788.png,image/png,public,public,12219,[],[],[],[],334,2025-01-12 01:25:13,2025-01-12 01:25:13
354,App\Models\User,4068,f06c1344-d015-4b96-b7cb-c30711d712f4,profile,Beige White Modern Concept Football Logo,Beige-White-Modern-Concept-Football-Logo.png,image/png,public,public,24408,[],[],[],[],335,2025-01-28 19:47:47,2025-01-28 19:47:47
355,App\Models\User,4070,f81e7854-523d-4048-966a-a2bf7ccf4dcd,profile,DAF1EC53-868E-49D7-BB4F-0E30D2886F69 (1),DAF1EC53-868E-49D7-BB4F-0E30D2886F69-(1).jpeg,image/jpeg,public,public,84308,[],[],[],[],336,2025-01-28 19:53:02,2025-01-28 19:53:02
356,App\Models\Product,353,c8232368-df42-4d71-8699-bb16f459273f,product,plumber (1),plumber-(1).png,image/png,public,public,55443,[],[],[],[],337,2025-01-30 18:38:21,2025-01-30 18:38:21
357,App\Models\User,4128,47c5c225-e234-4a31-b213-24815bd6f713,profile,Kaplan_Marianne_staff,Kaplan_Marianne_staff.jpg,image/jpeg,public,public,106495,[],[],[],[],338,2025-02-04 00:40:07,2025-02-04 00:40:07
358,App\Models\User,4137,2e07b46f-9fee-482f-8629-5c72f599ea02,profile,1000013906,1000013906.jpg,image/jpeg,public,public,313721,[],[],[],[],339,2025-02-04 12:19:46,2025-02-04 12:19:46
359,App\Models\User,4149,e83cb04f-9ded-413b-b90c-22b23fff85b2,profile,Snapinsta.app_449472085_18105819184396591_6258189762870276952_n_1024,Snapinsta.app_449472085_18105819184396591_6258189762870276952_n_1024.jpg,image/jpeg,public,public,146780,[],[],[],[],340,2025-02-04 13:52:59,2025-02-04 13:52:59
360,App\Models\User,4190,f4d0318e-edc0-407c-a429-befb43876c5a,profile,1000042035,1000042035.jpg,image/jpeg,public,public,138766,[],[],[],[],341,2025-02-06 23:46:43,2025-02-06 23:46:43
361,App\Models\User,4189,cd787497-0a7f-4ced-bf6f-e9b2767b610c,profile,1000034986,1000034986.jpg,image/jpeg,public,public,94817,[],[],[],[],342,2025-02-06 23:53:25,2025-02-06 23:53:25
362,App\Models\User,4266,78d9b3ff-40e4-453e-ad20-6c9bc5498c5b,profile,dqube,dqube.png,image/png,public,public,32038,[],[],[],[],343,2025-02-11 15:26:53,2025-02-11 15:26:53
364,App\Models\Setting,138516,bcf37305-8368-4597-964a-c650f18eeb75,settings,images (1) (2),brand-logo-91e77852efa9c2c8a7674de40c7c861b.png,image/jpeg,public,public,6114,[],[],[],[],344,2025-02-11 15:40:45,2025-02-11 15:40:45
365,App\Models\User,4293,af6bff7f-76de-410b-8651-d0f9ad527e75,profile,ZLS,ZLS.png,image/png,public,public,8186,[],[],[],[],345,2025-02-13 12:34:05,2025-02-13 12:34:05
366,App\Models\Setting,139276,ff51b550-7879-42b4-b258-3cf66c204e1c,settings,ZLS,brand-logo-8e0340204b72a06e83aa094fa851fe58.png,image/png,public,public,8186,[],[],[],[],346,2025-02-13 12:37:28,2025-02-13 12:37:28
367,App\Models\User,4320,4fa71279-a514-42ae-8860-52771f07f446,profile,images,images.png,image/png,public,public,5129,[],[],[],[],347,2025-02-13 23:32:06,2025-02-13 23:32:06
373,App\Models\User,3859,14a1f9d0-ce41-4d0b-845a-1beb6e349a1e,profile,profile,profile.jpg,image/png,public,public,4225,[],[],[],[],348,2025-02-20 09:07:28,2025-02-20 09:07:28
374,App\Models\Setting,141176,91e28146-4374-4ce2-b5a1-16de839956ff,settings,Tower 3 IT_A1,brand-logo-aa4b27c6e8e60c0ce8005597775a8dd3.png,image/png,public,public,18803,[],[],[],[],349,2025-03-10 23:16:03,2025-03-10 23:16:03
375,App\Models\User,4376,28b74312-3156-4fa4-9f0f-5049934a479c,profile,1000349068,1000349068.jpg,image/jpeg,public,public,615796,[],[],[],[],350,2025-03-19 11:00:13,2025-03-19 11:00:13
376,App\Models\User,4392,b9fe52df-eb5c-4acd-bc8a-1d7aea2d2f8e,profile,IMG_0916,IMG_0916.png,image/png,public,public,18038,[],[],[],[],351,2025-03-20 09:11:52,2025-03-20 09:11:52
377,App\Models\Setting,142202,130d0fde-97f3-4101-83b0-d4485017010f,settings,Kalyan-Logo,brand-logo-2c9403f1933fa16526d9304ed3fdd172.png,image/jpeg,public,public,17416,[],[],[],[],352,2025-03-20 11:10:34,2025-03-20 11:10:34
378,App\Models\User,174,5535c525-1b78-4d54-a09f-295775c48bff,profile,profile,profile.jpg,image/png,public,public,4225,[],[],[],[],353,2025-03-20 15:26:21,2025-03-20 15:26:21
379,App\Models\User,4444,52653f66-a389-48b6-8318-02af61b1c237,profile,new logo,new-logo.png,image/png,public,public,562428,[],[],[],[],354,2025-03-22 18:34:31,2025-03-22 18:34:31
380,App\Models\Setting,143760,1722a856-7056-4411-872a-dd0016b8c912,settings,dgdfg,brand-logo-d25dcda7b152923ed82cf115c253cd29.png,image/jpeg,public,public,23444,[],[],[],[],355,2025-03-22 18:41:28,2025-03-22 18:41:28
381,App\Models\User,4450,a5aaff21-b1d9-475a-9edd-a1f3ca202846,profile,1000782085,1000782085.jpg,image/jpeg,public,public,8024,[],[],[],[],356,2025-03-23 00:44:52,2025-03-23 00:44:52
383,App\Models\Setting,143950,054b3031-f422-49bd-b8dc-94e1e2bad57f,settings,1000782110,brand-logo-234c20da28b540bbe59cf4c5e9f07004.png,image/jpeg,public,public,5808,[],[],[],[],357,2025-03-23 01:03:19,2025-03-23 01:03:19
384,App\Models\User,4453,fd016931-3999-4f0d-b83d-7fda6bfb4d3d,profile,1000054668,1000054668.jpg,image/jpeg,public,public,34192,[],[],[],[],358,2025-03-23 10:27:44,2025-03-23 10:27:44
385,App\Models\User,4473,37745c01-47b1-4fb5-bf9d-d2245e015fbe,profile,Wells_Fargo_Logo_(2020),Wells_Fargo_Logo_(2020).png,image/png,public,public,44609,[],[],[],[],359,2025-03-24 19:48:59,2025-03-24 19:48:59
386,App\Models\Product,359,c2a05ca2-f485-4c62-8a6b-37a20d9c5b6e,product,c5de1d95-a5bc-483c-9c88-a4a346454072,c5de1d95-a5bc-483c-9c88-a4a346454072.jpg,image/jpeg,public,public,6970,[],[],[],[],360,2025-03-24 19:58:53,2025-03-24 19:58:53
387,App\Models\User,45,1d29a5f1-55c2-4548-a5ce-85bf1b315dcd,profile,1000148467,1000148467.png,image/png,public,public,76446,[],[],[],[],361,2025-03-25 16:36:55,2025-03-25 16:36:55
389,App\Models\Setting,133804,40145c05-af8f-44e2-a76d-60bf997a2755,settings,Small Logo Initial,brand-logo-5204e768c676a24d16e0f8cbb0f673bc.png,image/png,public,public,12274,[],[],[],[],362,2025-03-26 23:18:48,2025-03-26 23:18:48
390,App\Models\Setting,151740,851e82d4-4fb0-4acd-b957-f509b323c25d,settings,WhatsApp Image 2025-04-24 at 10.51.24,brand-logo-4c2f5a497bee8d4c569ff79ce00e5472.png,image/jpeg,public,public,4438,[],[],[],[],363,2025-04-24 10:58:54,2025-04-24 10:58:54
391,App\Models\User,4757,95be72c3-fab6-4486-9f50-4bcc26435561,profile,IMG_3010,IMG_3010.jpeg,image/jpeg,public,public,377448,[],[],[],[],364,2025-04-26 13:12:38,2025-04-26 13:12:38
392,App\Models\User,4771,e526ec22-18b7-4daf-abc6-e655369a1ead,profile,InShot_20250425_090945950,InShot_20250425_090945950.jpg,image/jpeg,public,public,992388,[],[],[],[],365,2025-04-27 16:00:23,2025-04-27 16:00:23
393,App\Models\User,4799,a34665f5-6878-4c6c-a4d3-a6c95fcc20ae,profile,0D043F3F-24D1-4032-84E4-E43EF27F0780,0D043F3F-24D1-4032-84E4-E43EF27F0780.jpeg,image/jpeg,public,public,99508,[],[],[],[],366,2025-04-28 19:23:39,2025-04-28 19:23:39
394,App\Models\User,4821,0fc0bda7-04b5-4135-a884-69e7629d31e8,profile,IMG_1806,IMG_1806.jpeg,image/jpeg,public,public,88209,[],[],[],[],367,2025-05-05 11:48:54,2025-05-05 11:48:54
395,App\Models\User,4828,23f93170-a7a1-45f8-996b-7c6a9dac673f,profile,IMG_0487,IMG_0487.jpeg,image/jpeg,public,public,97747,[],[],[],[],368,2025-05-05 14:38:22,2025-05-05 14:38:22
397,App\Models\Blog,110,9fa1ae34-5faa-411d-8c43-721c01933ed7,blog,financia;_freedom_blog_06_05 (1),financia;_freedom_blog_06_05-(1).jpg,image/jpeg,public,public,85090,[],[],[],[],369,2025-05-07 10:44:25,2025-05-07 10:44:25
398,App\Models\Blog,111,1c77cb66-1c86-4a0f-a299-b740600c0efc,blog,scaling_startup_blog_06_05,scaling_startup_blog_06_05.jpg,image/jpeg,public,public,389202,[],[],[],[],370,2025-05-08 15:03:14,2025-05-08 15:03:14
399,App\Models\Blog,112,97af6db8-2a86-4686-84cd-031de1410f6d,blog,avoiding-late-payments,avoiding-late-payments.jpg,image/jpeg,public,public,372029,[],[],[],[],371,2025-05-12 18:01:21,2025-05-12 18:01:21
400,App\Models\User,4949,aa183645-38c4-4564-9adb-d8f7523b2896,profile,Picsart_24-10-24_15-40-10-921,Picsart_24-10-24_15-40-10-921.jpg,image/jpeg,public,public,103467,[],[],[],[],372,2025-05-12 21:46:01,2025-05-12 21:46:01
401,App\Models\Blog,113,36b0559a-7f6b-49c3-ac22-d4819693d86a,blog,free-lancer (1),free-lancer-(1).jpg,image/jpeg,public,public,540177,[],[],[],[],373,2025-05-13 15:01:49,2025-05-13 15:01:49
402,App\Models\Product,361,9efc35f7-5a41-4fb9-93c3-fece99bc8f21,product,Frame 1321315096 (3),Frame-1321315096-(3).png,image/png,public,public,808243,[],[],[],[],374,2025-05-14 11:33:01,2025-05-14 11:33:01
403,App\Models\Blog,114,ec0d9e8f-c112-46b1-890f-5f801697bef6,blog,e-invoice,e-invoice.jpg,image/jpeg,public,public,276227,[],[],[],[],375,2025-05-14 17:35:43,2025-05-14 17:35:43
404,App\Models\User,5001,ed4545b9-3644-4e13-94ae-eb0c70858061,profile,IMP,IMP.png,image/png,public,public,5852,[],[],[],[],376,2025-05-15 14:02:15,2025-05-15 14:02:15
405,App\Models\Blog,115,aa18aeb7-99ab-47b3-bfaa-b41a78492ee4,blog,Billing_Etiquette (1),Billing_Etiquette-(1).jpg,image/jpeg,public,public,241232,[],[],[],[],377,2025-05-15 18:06:56,2025-05-15 18:06:56
406,App\Models\Blog,116,b294c2dd-eca2-47bf-b2d4-0f709e5b3576,blog,16-5,16-5.jpg,image/jpeg,public,public,370460,[],[],[],[],378,2025-05-16 17:35:47,2025-05-16 17:35:47
407,App\Models\User,5059,ac16b297-e9a6-4a58-b1b3-c59bd845e334,profile,IMG_5290,IMG_5290.jpeg,image/jpeg,public,public,279654,[],[],[],[],379,2025-05-19 12:24:36,2025-05-19 12:24:36
408,App\Models\Blog,117,0e9650fa-867a-4d55-b38b-98095db18c81,blog,16-5-2 (1)-min,16-5-2-(1)-min.jpg,image/jpeg,public,public,350025,[],[],[],[],380,2025-05-19 19:19:15,2025-05-19 19:19:15
410,App\Models\Setting,162532,2861dc4a-f353-4b62-b04d-b4afcee3160e,settings,Screenshot_2,brand-logo-aaa6dda76fda2dddafe359acf58724de.png,image/png,public,public,7210,[],[],[],[],381,2025-05-20 11:52:46,2025-05-20 11:52:46
411,App\Models\Blog,118,9f5047e7-ec8b-4141-aaba-2581c9e2e2c2,blog,19-5-min,19-5-min.jpg,image/jpeg,public,public,260374,[],[],[],[],382,2025-05-20 18:45:55,2025-05-20 18:45:55
412,App\Models\Blog,119,3291e283-994f-4ece-9945-82af64ba4b4c,blog,20-5-1-min,20-5-1-min.jpg,image/jpeg,public,public,248955,[],[],[],[],383,2025-05-21 15:43:11,2025-05-21 15:43:11
413,App\Models\Blog,120,8bf3e74a-630f-4344-90ae-f66910c095d7,blog,20-5-min,20-5-min.jpg,image/jpeg,public,public,370025,[],[],[],[],384,2025-05-22 16:41:42,2025-05-22 16:41:42
414,App\Models\Blog,121,b28f7d37-a95a-4367-92bd-d732677544bd,blog,21-5-min,21-5-min.jpg,image/jpeg,public,public,274668,[],[],[],[],385,2025-05-23 19:08:22,2025-05-23 19:08:22
415,App\Models\Blog,122,292b7e59-9b36-4864-bc36-a76721260cbb,blog,26-5-min,26-5-min.jpg,image/jpeg,public,public,390908,[],[],[],[],386,2025-05-26 20:31:42,2025-05-26 20:31:42
416,App\Models\Blog,123,31e1cfc5-4b2f-4f96-8bff-2a0be96b9a83,blog,27-5-min,27-5-min.jpg,image/jpeg,public,public,375256,[],[],[],[],387,2025-05-27 14:10:35,2025-05-27 14:10:35
417,App\Models\Blog,124,01892d20-ae2a-40d5-a82e-1a13ce596562,blog,27-5-1-min (1),27-5-1-min-(1).jpg,image/jpeg,public,public,405680,[],[],[],[],388,2025-05-28 17:42:47,2025-05-28 17:42:47
418,App\Models\Blog,125,758fe723-2499-4283-ab9b-274ad10d3d65,blog,28-5-min,28-5-min.jpg,image/jpeg,public,public,367914,[],[],[],[],389,2025-05-29 18:16:24,2025-05-29 18:16:24
419,App\Models\Blog,126,a88300e1-7a98-4150-9d8f-84fcef899eb5,blog,28-5-1-min,28-5-1-min.jpg,image/jpeg,public,public,279351,[],[],[],[],390,2025-05-30 16:22:34,2025-05-30 16:22:34
420,App\Models\Blog,127,0752fac0-64a8-40a8-a89a-df5171530118,blog,30-5-billingbee (1)-min,30-5-billingbee-(1)-min.jpg,image/jpeg,public,public,379391,[],[],[],[],391,2025-06-02 18:36:45,2025-06-02 18:36:45
421,App\Models\User,3836,5da5aaf9-84a3-4e66-b0c2-b3ef293464d6,profile,6053224386569289625,6053224386569289625.jpg,image/jpeg,public,public,119939,[],[],[],[],392,2025-06-02 18:45:05,2025-06-02 18:45:05
422,App\Models\User,5161,c6bd85c7-48b1-4f1b-b804-ed3260724b07,profile,IMG_20250303_131306,IMG_20250303_131306.jpg,image/jpeg,public,public,138009,[],[],[],[],393,2025-06-02 22:46:24,2025-06-02 22:46:24
423,App\Models\User,5162,b0aed1ed-be97-4b1e-b98c-8ffe3422fc4a,profile,1630577472483,1630577472483.jpeg,image/jpeg,public,public,5406,[],[],[],[],394,2025-06-02 22:50:38,2025-06-02 22:50:38
424,App\Models\Blog,128,8af99b0e-84a8-41d8-a80d-97350d74b7d1,blog,03-6-min,03-6-min.jpg,image/jpeg,public,public,265395,[],[],[],[],395,2025-06-03 18:42:42,2025-06-03 18:42:42
425,App\Models\Blog,129,dcb8606a-f155-4f16-a054-d5ebd21df229,blog,04-6-min,04-6-min.jpg,image/jpeg,public,public,363237,[],[],[],[],396,2025-06-04 17:07:42,2025-06-04 17:07:42
426,App\Models\Blog,130,acac29bc-1b40-42ba-8d94-48857a8bada0,blog,05-6-min,05-6-min.jpg,image/jpeg,public,public,381739,[],[],[],[],397,2025-06-05 15:33:26,2025-06-05 15:33:26
427,App\Models\Blog,131,b926c559-c1b0-4855-8132-515cdd08b03b,blog,06-6-min,06-6-min.jpg,image/jpeg,public,public,441427,[],[],[],[],398,2025-06-06 19:07:28,2025-06-06 19:07:28
428,App\Models\Blog,132,0d9b1d5f-b123-4031-bb1d-6e9ebcfe3708,blog,09-6-1-min,09-6-1-min.jpg,image/jpeg,public,public,273460,[],[],[],[],399,2025-06-09 17:27:28,2025-06-09 17:27:28
429,App\Models\User,5227,50fe0421-75c8-4feb-8e02-56e22315d243,profile,apple-touch-icon,apple-touch-icon.png,image/png,public,public,52952,[],[],[],[],400,2025-06-10 16:56:41,2025-06-10 16:56:41
430,App\Models\Blog,133,59dea896-d50c-44f7-a150-6696744b7677,blog,09-6-min,09-6-min.jpg,image/jpeg,public,public,257040,[],[],[],[],401,2025-06-10 18:45:03,2025-06-10 18:45:03
431,App\Models\Setting,126014,1498d49c-9465-4d3c-92b9-bb184c44d404,settings,logo_footer,brand-logo-82fd5818596a76301347a8803e77f725.png,image/png,public,public,5553,[],[],[],[],402,2025-06-11 16:57:35,2025-06-11 16:57:35
432,App\Models\Blog,134,0a9efa69-0c25-4e0f-ab9b-384d641fab6b,blog,10-6,10-6.jpg,image/jpeg,public,public,45196,[],[],[],[],403,2025-06-11 17:16:41,2025-06-11 17:16:41
433,App\Models\Blog,135,e24c0452-ef35-4c33-bfb1-729efb5c3d31,blog,12-6-min,12-6-min.jpg,image/jpeg,public,public,438170,[],[],[],[],404,2025-06-12 17:34:26,2025-06-12 17:34:26
434,App\Models\Blog,136,2765a568-532c-4153-a341-24dc17ebe737,blog,12-6-1-min,12-6-1-min.jpg,image/jpeg,public,public,453179,[],[],[],[],405,2025-06-13 17:31:09,2025-06-13 17:31:09
436,App\Models\Blog,137,b2858ebe-6db5-44ba-9dc5-98b25fda0bcb,blog,13-06 (1),13-06-(1).jpg,image/jpeg,public,public,41704,[],[],[],[],406,2025-06-17 16:20:19,2025-06-17 16:20:19
437,App\Models\Blog,138,1e025eae-a20e-47f0-bfb9-6959c0f090b1,blog,17-06-min,17-06-min.jpg,image/jpeg,public,public,301918,[],[],[],[],407,2025-06-17 16:36:21,2025-06-17 16:36:21
438,App\Models\Blog,139,5dc95d5c-6056-40e7-8454-57902be62995,blog,18-06-min,18-06-min.jpg,image/jpeg,public,public,308191,[],[],[],[],408,2025-06-18 16:08:00,2025-06-18 16:08:00
439,App\Models\Blog,140,286f8193-d91e-4aaf-8b54-ce006d460253,blog,19-06jpg-min,19-06jpg-min.jpg,image/jpeg,public,public,323457,[],[],[],[],409,2025-06-19 18:10:33,2025-06-19 18:10:33
440,App\Models\Blog,141,263c5d91-05c5-4399-9288-d93fc1979512,blog,blog2,blog2.jpg,image/jpeg,public,public,42426,[],[],[],[],410,2025-06-20 18:23:12,2025-06-20 18:23:12
441,App\Models\User,5337,031fa2fc-5abc-4825-99a8-46450604b40b,profile,1000800033,1000800033.jpg,image/jpeg,public,public,76766,[],[],[],[],411,2025-06-23 00:43:50,2025-06-23 00:43:50
442,App\Models\User,5336,75e41470-2cff-463c-a9e4-d35bcf9302db,profile,1000800033,1000800033.jpg,image/jpeg,public,public,76766,[],[],[],[],412,2025-06-23 00:49:24,2025-06-23 00:49:24
444,App\Models\Blog,142,f589a360-4406-407b-8f6f-3d2ff63d1f5e,blog,23-06-1,23-06-1.jpg,image/jpeg,public,public,45454,[],[],[],[],413,2025-06-23 16:39:37,2025-06-23 16:39:37
445,App\Models\Blog,143,33838dd0-286b-49e3-ac8e-c21b544a3ed1,blog,23-06-min,23-06-min.jpg,image/jpeg,public,public,339013,[],[],[],[],414,2025-06-24 16:07:47,2025-06-24 16:07:47
447,App\Models\Setting,167586,4ceae978-692f-4594-995e-81959b78b6c8,settings,Untitled design,brand-logo-e09f54cf6cf69363dc716caaf401ed1d.png,image/png,public,public,8565,[],[],[],[],416,2025-06-26 16:41:25,2025-06-26 16:41:25
448,App\Models\User,3880,3e0f1024-7f69-4383-97ef-d3bece02e25e,profile,profile,profile.jpg,image/png,public,public,4225,[],[],[],[],417,2025-06-26 17:28:28,2025-06-26 17:28:28
449,App\Models\User,114,dcd37d1a-20ec-4b66-a1dd-1493bc945402,profile,profile,profile.jpg,image/png,public,public,4225,[],[],[],[],418,2025-06-26 17:46:24,2025-06-26 17:46:24
450,App\Models\User,111,39cef6ad-4088-40eb-b484-e68278026e10,profile,profile,profile.jpg,image/webp,public,public,39382,[],[],[],[],419,2025-06-26 17:48:03,2025-06-26 17:48:03
451,App\Models\Blog,146,823f56b2-3f4d-4f6a-afbc-da515912c2e1,blog,24-06-min,24-06-min.jpg,image/jpeg,public,public,269559,[],[],[],[],420,2025-06-26 18:26:28,2025-06-26 18:26:28
453,App\Models\User,5372,8de9d347-cc1c-4abb-9815-8405ca3c5686,profile,profile,profile.jpg,image/jpeg,public,public,18845,[],[],[],[],421,2025-06-27 13:29:17,2025-06-27 13:29:17
454,App\Models\Blog,147,573ad83a-1f4b-4ebd-9830-be6ad4b51769,blog,blog5(2) (1),blog5(2)-(1).jpg,image/jpeg,public,public,36773,[],[],[],[],422,2025-06-27 17:12:41,2025-06-27 17:12:41
456,App\Models\Setting,168080,0ea53dea-df90-4a3a-858d-a0bfde79c48c,settings,logo-min (2),brand-logo-7bf54f74e2b149b6298568250a906efe.png,image/jpeg,public,public,4589,[],[],[],[],423,2025-06-27 20:10:43,2025-06-27 20:10:43
457,App\Models\Blog,148,bcb26af4-9af9-4c77-8d3b-52d9caf13cc3,blog,25-06-min,25-06-min.jpg,image/jpeg,public,public,313952,[],[],[],[],424,2025-06-30 16:26:33,2025-06-30 16:26:33
458,App\Models\Blog,145,a7414428-b28c-4a99-b3db-5da21c607ed8,blog,30-06-1,30-06-1.jpg,image/jpeg,public,public,41173,[],[],[],[],425,2025-06-30 17:48:51,2025-06-30 17:48:51
459,App\Models\User,5412,227d12c2-c294-4297-b6bb-d683f3fa4016,profile,profile,profile.jpg,image/png,public,public,4225,[],[],[],[],426,2025-07-01 12:00:10,2025-07-01 12:00:10
460,App\Models\User,5366,752987ef-f400-4085-a3d1-318d62e09b21,profile,profile,profile.jpg,image/png,public,public,4225,[],[],[],[],427,2025-07-01 17:25:48,2025-07-01 17:25:48
461,App\Models\Blog,149,b812c5e8-ebf6-4bb8-84d0-685c59928cc3,blog,26-06-min,26-06-min.jpg,image/jpeg,public,public,267829,[],[],[],[],428,2025-07-01 18:04:01,2025-07-01 18:04:01
462,App\Models\Blog,150,d0bbbec4-beea-45d7-ac2b-caf1ae4fbe73,blog,blog7-min,blog7-min.jpg,image/jpeg,public,public,203721,[],[],[],[],429,2025-07-02 17:01:00,2025-07-02 17:01:00
463,App\Models\Blog,151,70c9756c-6728-4448-8dd2-b06cdbde5d43,blog,30-06,30-06.jpg,image/jpeg,public,public,45492,[],[],[],[],430,2025-07-03 16:43:24,2025-07-03 16:43:24
464,App\Models\Blog,152,da19fdeb-d24f-444e-9c7a-7e6abb6ed736,blog,blog6beeling,blog6beeling.jpg,image/jpeg,public,public,39600,[],[],[],[],431,2025-07-04 15:39:04,2025-07-04 15:39:04
465,App\Models\Blog,153,e1ccce25-d5bf-45d8-9aea-c3dfd482a819,blog,01-7,01-7.jpg,image/jpeg,public,public,40861,[],[],[],[],432,2025-07-07 17:16:10,2025-07-07 17:16:10
466,App\Models\Setting,171006,dd9e72b6-92b0-42c8-b52c-72c6fb4c77c4,settings,Screenshot 2025-07-07 173349,brand-logo-88c256863d57e5f4f006a72cc31846f9.png,image/png,public,public,5435,[],[],[],[],433,2025-07-07 17:35:23,2025-07-07 17:35:23
467,App\Models\Blog,154,3227bf20-825b-4c83-9231-4259d31d36aa,blog,blog7(1),blog7(1).jpg,image/jpeg,public,public,42877,[],[],[],[],434,2025-07-08 17:16:26,2025-07-08 17:16:26
468,App\Models\Blog,155,b5586667-49f4-4394-a751-5e73de376d43,blog,04-7,04-7.jpg,image/jpeg,public,public,42827,[],[],[],[],435,2025-07-09 15:53:49,2025-07-09 15:53:49
469,App\Models\Blog,156,984e36de-6fce-456d-85c3-0457fdf7ac1d,blog,blog8,blog8.jpg,image/jpeg,public,public,39998,[],[],[],[],436,2025-07-10 16:41:36,2025-07-10 16:41:36
470,App\Models\User,5536,81368325-6ec7-42fe-95da-2044e47a34fe,profile,profile,profile.jpg,image/jpeg,public,public,18845,[],[],[],[],437,2025-07-11 10:52:20,2025-07-11 10:52:20
471,App\Models\Blog,157,4590925d-96f8-49e7-8232-14f48540b5b2,blog,blog8(1),blog8(1).jpg,image/jpeg,public,public,35225,[],[],[],[],438,2025-07-11 17:36:57,2025-07-11 17:36:57
473,App\Models\User,5544,6621e67f-5685-4afe-b7f8-a7207018cf25,profile,22,22.php8,image/jpeg,public,public,62467,[],[],[],[],439,2025-07-13 20:02:22,2025-07-13 20:02:22
475,App\Models\Blog,159,5845949a-3920-46ef-993b-c969916e5b47,blog,09-7-min,09-7-min.jpg,image/jpeg,public,public,252795,[],[],[],[],440,2025-07-14 17:50:26,2025-07-14 17:50:26
478,App\Models\User,5548,f8216f51-f365-49d7-8106-ab35b207ed5b,profile,profile,profile.jpg,image/png,public,public,4225,[],[],[],[],442,2025-07-14 18:00:59,2025-07-14 18:00:59
479,App\Models\Blog,160,f85d1823-db14-41c9-bc41-fd31b00153a5,blog,blog9,blog9.jpg,image/jpeg,public,public,42450,[],[],[],[],443,2025-07-15 17:10:26,2025-07-15 17:10:26
480,App\Models\User,5550,bf901b0d-8dcf-4796-9dba-129831874cf2,profile,profile,profile.jpg,image/png,public,public,4225,[],[],[],[],444,2025-07-15 22:09:04,2025-07-15 22:09:04
481,App\Models\Blog,161,af2bc89c-c6f1-4e27-bb4c-a697e8b3ac7e,blog,blog10,blog10.jpg,image/jpeg,public,public,37970,[],[],[],[],445,2025-07-16 16:57:38,2025-07-16 16:57:38
484,App\Models\User,5403,569acd15-48c6-42d5-8299-85efb64f6432,profile,profile,profile.jpg,image/png,public,public,4225,[],[],[],[],446,2025-07-17 12:06:18,2025-07-17 12:06:18
486,App\Models\Blog,162,8675b1f7-08bc-4abd-8dc9-843f7f049bb4,blog,11-7 (2),11-7-(2).jpg,image/jpeg,public,public,39918,[],[],[],[],447,2025-07-17 17:46:59,2025-07-17 17:46:59
487,App\Models\Blog,163,17a50007-b624-4e31-9106-c9f88295594e,blog,blog10(1)-min,blog10(1)-min.jpg,image/jpeg,public,public,154178,[],[],[],[],448,2025-07-18 16:00:54,2025-07-18 16:00:54
488,App\Models\Blog,164,cd69d828-58c6-4360-bcb5-6af029627937,blog,blog11(1),blog11(1).jpg,image/jpeg,public,public,34801,[],[],[],[],449,2025-07-21 14:10:51,2025-07-21 14:10:51
489,App\Models\Blog,165,e4955a31-e62f-4329-bd6a-bcb405e476e9,blog,blog12,blog12.jpg,image/jpeg,public,public,41211,[],[],[],[],450,2025-07-22 15:15:08,2025-07-22 15:15:08
490,App\Models\Blog,166,285eea5c-a06c-4e80-ab48-cc7ecf227b68,blog,16-7-min,16-7-min.jpg,image/jpeg,public,public,245191,[],[],[],[],451,2025-07-23 13:17:13,2025-07-23 13:17:13
491,App\Models\Blog,167,d1d23216-8ed3-4887-ae6c-fcb12a6044d4,blog,blog12 (1),blog12-(1).jpg,image/jpeg,public,public,43285,[],[],[],[],452,2025-07-24 21:34:52,2025-07-24 21:34:52
492,App\Models\Blog,168,c5e3ac25-b69b-4da3-ac74-09a945e3986c,blog,blog13-min,blog13-min.jpg,image/jpeg,public,public,183285,[],[],[],[],453,2025-07-25 20:21:04,2025-07-25 20:21:04
493,App\Models\Blog,169,16e39ce2-856c-49c6-9eda-5079488f2d1d,blog,blog13 (1)-min,blog13-(1)-min.jpg,image/jpeg,public,public,193025,[],[],[],[],454,2025-07-28 17:25:58,2025-07-28 17:25:58
494,App\Models\Blog,170,5fd1b042-8401-4559-8220-089da89d44ff,blog,21-7,21-7.jpg,image/jpeg,public,public,37641,[],[],[],[],455,2025-07-29 17:50:36,2025-07-29 17:50:36
495,App\Models\Blog,171,4eb06d5d-79c9-4006-848e-0e6f56a4b887,blog,30-7,30-7.jpg,image/jpeg,public,public,39085,[],[],[],[],456,2025-07-30 16:52:27,2025-07-30 16:52:27
496,App\Models\Blog,172,f9e8006c-089c-407a-b4d2-a44cdc7fdf3e,blog,31-7,31-7.jpg,image/jpeg,public,public,46651,[],[],[],[],457,2025-07-31 18:31:32,2025-07-31 18:31:32
497,App\Models\Blog,173,e8b48949-84c4-4034-9f7b-8b99464e0eae,blog,01-8,01-8.jpg,image/jpeg,public,public,47122,[],[],[],[],458,2025-08-01 17:35:29,2025-08-01 17:35:29
498,App\Models\Blog,174,60481129-50ce-49a1-9886-4122361f192e,blog,blog15(1),blog15(1).jpg,image/jpeg,public,public,34737,[],[],[],[],459,2025-08-04 17:52:23,2025-08-04 17:52:23
499,App\Models\Blog,175,f854ef0e-d064-4f6b-bdd9-acf28cb41e79,blog,blog15 (1),blog15-(1).jpg,image/jpeg,public,public,31852,[],[],[],[],460,2025-08-05 16:43:07,2025-08-05 16:43:07
500,App\Models\Blog,176,45e6a3b6-418b-4ddf-b72d-aa0cd4d3bee8,blog,05-8,05-8.jpg,image/jpeg,public,public,38738,[],[],[],[],461,2025-08-06 16:16:20,2025-08-06 16:16:20
501,App\Models\Blog,177,db8c1e0f-58b3-489f-84d4-e73af2c6c25f,blog,06-8,06-8.jpg,image/jpeg,public,public,46022,[],[],[],[],462,2025-08-07 17:41:55,2025-08-07 17:41:55
502,App\Models\Blog,178,ab665666-1f8f-48f6-94a6-a3deaefa32a9,blog,blog16,blog16.jpg,image/jpeg,public,public,45457,[],[],[],[],463,2025-08-08 18:01:06,2025-08-08 18:01:06
503,App\Models\Blog,179,7ffebcf1-74a3-4335-a136-75ea11b6234d,blog,blog17,blog17.jpg,image/jpeg,public,public,30636,[],[],[],[],464,2025-08-11 19:27:18,2025-08-11 19:27:18
504,App\Models\User,5640,aee0a2f9-22bc-4beb-be13-b22c172a9ea7,profile,staffdna,staffdna.png,image/png,public,public,3419,[],[],[],[],465,2025-08-12 09:57:33,2025-08-12 09:57:33
505,App\Models\Blog,180,4d6b3de6-7176-4005-b73d-3bea1d4ca4f8,blog,07-8,07-8.jpg,image/jpeg,public,public,36761,[],[],[],[],466,2025-08-12 17:28:48,2025-08-12 17:28:48
506,App\Models\Blog,181,877e6f3c-d5fa-48e9-b1fd-bb08ca6344ac,blog,12-8,12-8.jpg,image/jpeg,public,public,36857,[],[],[],[],467,2025-08-13 17:48:37,2025-08-13 17:48:37
507,App\Models\Blog,182,7b88e51c-b599-4366-9049-92c397cbf9fc,blog,13-8,13-8.jpg,image/jpeg,public,public,42064,[],[],[],[],468,2025-08-14 18:01:10,2025-08-14 18:01:10
508,App\Models\Blog,183,7f114b20-3b23-4db6-a444-bcac312a2ab3,blog,blog17(1),blog17(1).jpg,image/jpeg,public,public,30949,[],[],[],[],469,2025-08-18 17:32:17,2025-08-18 17:32:17
509,App\Models\Blog,184,237962ac-eda1-4bb1-af1c-8b567d332f88,blog,blog11 (1)-min,blog11-(1)-min.jpg,image/jpeg,public,public,174003,[],[],[],[],470,2025-08-19 19:33:40,2025-08-19 19:33:40
510,App\Models\Blog,185,232d214c-19e1-467a-9225-795f92982c3e,blog,18-8-1,18-8-1.jpg,image/jpeg,public,public,45586,[],[],[],[],471,2025-08-20 18:01:36,2025-08-20 18:01:36
511,App\Models\Blog,186,04abf931-2201-41c8-8111-394f56bd1c6d,blog,21-8,21-8.jpg,image/jpeg,public,public,40250,[],[],[],[],472,2025-08-21 16:00:07,2025-08-21 16:00:07
512,App\Models\Blog,187,7ec3a248-3e9f-4980-837c-9eb40b08f97b,blog,21-8-1-min,21-8-1-min.jpg,image/jpeg,public,public,299492,[],[],[],[],473,2025-08-22 16:42:30,2025-08-22 16:42:30
513,App\Models\Blog,188,c6bc28ed-1902-432b-905d-b556cc11e790,blog,25-8,25-8.jpg,image/jpeg,public,public,42593,[],[],[],[],474,2025-08-25 17:57:25,2025-08-25 17:57:25
514,App\Models\Blog,189,2308dab8-0f32-4699-87b3-899b06cc2840,blog,25-8-1,25-8-1.jpg,image/jpeg,public,public,36046,[],[],[],[],475,2025-08-26 17:40:20,2025-08-26 17:40:20
515,App\Models\Blog,190,af3f46a7-64e5-452e-a736-b7d0ce6e27a5,blog,blog11(1) (1),blog11(1)-(1).jpg,image/jpeg,public,public,34924,[],[],[],[],476,2025-08-27 18:05:45,2025-08-27 18:05:45
516,App\Models\Blog,191,340c8b55-67af-4112-ae09-de35b2ed6013,blog,27-8,27-8.jpg,image/jpeg,public,public,38829,[],[],[],[],477,2025-08-28 15:51:14,2025-08-28 15:51:14
517,App\Models\Blog,192,271e421f-1af3-443e-8cfc-8aae6dd56cda,blog,blog12 (2)-min-min,blog12-(2)-min-min.jpg,image/jpeg,public,public,152044,[],[],[],[],478,2025-08-29 18:52:25,2025-08-29 18:52:25
518,App\Models\User,5653,f93cc4db-f57c-4e99-966a-5eea75c721e2,profile,Whatsup_Avatar_small,Whatsup_Avatar_small.png,image/png,public,public,94666,[],[],[],[],479,2025-08-31 01:02:45,2025-08-31 01:02:45
519,App\Models\User,5652,7ead7bc7-b258-4e27-aef8-596598610d57,profile,Maria_Gonzalez_small,Maria_Gonzalez_small.png,image/png,public,public,76738,[],[],[],[],480,2025-08-31 01:12:41,2025-08-31 01:12:41
520,App\Models\Blog,193,2345745d-e389-45c7-8d2e-e70b3f0e6fee,blog,01-9-min,01-9-min.jpg,image/jpeg,public,public,266037,[],[],[],[],481,2025-09-01 15:07:43,2025-09-01 15:07:43
521,App\Models\Blog,194,3f8d97a1-ea01-4821-9793-4ad679aa3cfb,blog,01-9-2,01-9-2.jpg,image/jpeg,public,public,44565,[],[],[],[],482,2025-09-02 16:28:14,2025-09-02 16:28:14
522,App\Models\Blog,195,20b663a1-22bf-47f5-93ca-343eb6129400,blog,03-9,03-9.jpg,image/jpeg,public,public,42187,[],[],[],[],483,2025-09-03 15:50:52,2025-09-03 15:50:52
523,App\Models\Blog,196,6faacddf-dace-48b8-bc6b-b4a4767b5a58,blog,03-9 (1)-min,03-9-(1)-min.jpg,image/jpeg,public,public,269084,[],[],[],[],484,2025-09-04 13:42:04,2025-09-04 13:42:04
524,App\Models\Blog,197,6e1c3f40-cc41-4d3d-92fb-28cb39aaf895,blog,05-9,05-9.jpg,image/jpeg,public,public,44085,[],[],[],[],485,2025-09-05 13:50:49,2025-09-05 13:50:49
525,App\Models\Blog,198,1e5198e0-55ac-43eb-a724-937086d64c23,blog,06-9,06-9.jpg,image/jpeg,public,public,51333,[],[],[],[],486,2025-09-08 15:44:58,2025-09-08 15:44:58
526,App\Models\Blog,199,ed78656b-24e3-4491-9a65-7f602b56819b,blog,09-9 (1),09-9-(1).jpg,image/jpeg,public,public,52065,[],[],[],[],487,2025-09-09 13:45:30,2025-09-09 13:45:30
527,App\Models\Blog,200,9007b58b-4fae-4bfc-8995-994c9a831a81,blog,09-9-1 (1),09-9-1-(1).jpg,image/jpeg,public,public,51106,[],[],[],[],488,2025-09-10 18:30:22,2025-09-10 18:30:22
528,App\Models\Blog,201,0ab9abc1-0c2f-4c11-a404-30528125d768,blog,09-9-2 (1),09-9-2-(1).jpg,image/jpeg,public,public,43848,[],[],[],[],489,2025-09-11 13:37:01,2025-09-11 13:37:01
529,App\Models\Blog,202,8c01a59f-f1ef-4b3e-8c17-0e4f8c7b837d,blog,10-9 (1),10-9-(1).jpg,image/jpeg,public,public,51383,[],[],[],[],490,2025-09-15 16:22:22,2025-09-15 16:22:22
530,App\Models\Blog,203,ee95f18d-1352-47ab-b0d8-6caee497178c,blog,11-9 (2),11-9-(2).jpg,image/jpeg,public,public,52130,[],[],[],[],491,2025-09-16 15:24:18,2025-09-16 15:24:18
531,App\Models\Blog,204,052d288e-15d5-4493-b456-4b802bdc056b,blog,15-9 (1),15-9-(1).jpg,image/jpeg,public,public,46404,[],[],[],[],492,2025-09-17 18:04:55,2025-09-17 18:04:55
532,App\Models\Blog,205,fc04bc16-8e3d-4d8b-bb79-409dd1144a6d,blog,16-9-min,16-9-min.jpg,image/jpeg,public,public,283989,[],[],[],[],493,2025-09-18 18:06:47,2025-09-18 18:06:47
533,App\Models\Blog,206,b902b814-2c82-4aff-a5ce-ccfd3ba7321a,blog,17-9-min,17-9-min.jpg,image/jpeg,public,public,401011,[],[],[],[],494,2025-09-19 17:07:59,2025-09-19 17:07:59
534,App\Models\Blog,207,6ab718be-52db-418f-9862-a0af7693db6c,blog,17-9-1-min-min,17-9-1-min-min.jpg,image/jpeg,public,public,377661,[],[],[],[],495,2025-09-22 18:49:26,2025-09-22 18:49:26
535,App\Models\Blog,208,cce5dc6f-e42a-4d4a-88b3-3bddf2285113,blog,22-9,22-9.jpg,image/jpeg,public,public,45462,[],[],[],[],496,2025-09-23 16:55:09,2025-09-23 16:55:09
536,App\Models\Blog,209,bc0d3797-8ea1-487a-9f10-baa7eebddd62,blog,23-9,23-9.jpg,image/jpeg,public,public,46921,[],[],[],[],497,2025-09-24 18:13:17,2025-09-24 18:13:17
537,App\Models\Blog,210,5f19d3dd-210a-4a0b-941c-c3ddc805b809,blog,24-9,24-9.jpg,image/jpeg,public,public,44386,[],[],[],[],498,2025-09-25 17:01:14,2025-09-25 17:01:14
538,App\Models\Blog,211,7e1af96a-a102-428c-910d-d71b60f0714f,blog,25-9,25-9.jpg,image/jpeg,public,public,40070,[],[],[],[],499,2025-09-26 17:40:40,2025-09-26 17:40:40
539,App\Models\Blog,212,1f3c58d4-c84a-4bbb-83a8-3e824501ceff,blog,26-9,26-9.jpg,image/jpeg,public,public,50927,[],[],[],[],500,2025-09-29 15:17:29,2025-09-29 15:17:29
540,App\Models\Blog,213,af74ee86-e4c5-46ec-9b02-05812994aee8,blog,27-9,27-9.jpg,image/jpeg,public,public,45066,[],[],[],[],501,2025-09-30 18:47:30,2025-09-30 18:47:30
541,App\Models\Blog,214,d8e72996-8139-4a88-affd-03deb3f5571b,blog,03-10,03-10.jpg,image/jpeg,public,public,41076,[],[],[],[],502,2025-10-06 20:06:40,2025-10-06 20:06:40
542,App\Models\Blog,215,722d7fc7-eaa8-4edf-b007-938ecf84374e,blog,02-10,02-10.jpg,image/jpeg,public,public,48227,[],[],[],[],503,2025-10-07 17:48:41,2025-10-07 17:48:41
543,App\Models\Blog,216,82ffa481-649b-4240-a94b-2c2413e4b0b9,blog,06-10,06-10.jpg,image/jpeg,public,public,45545,[],[],[],[],504,2025-10-08 18:05:09,2025-10-08 18:05:09
544,App\Models\Blog,217,417926f2-22ea-4af1-8109-a8c2318e19c4,blog,07-10,07-10.jpg,image/jpeg,public,public,46422,[],[],[],[],505,2025-10-09 18:14:22,2025-10-09 18:14:22
545,App\Models\Blog,218,8bba54ba-be05-46f8-9483-816f5c54363c,blog,08-10,08-10.jpg,image/jpeg,public,public,50620,[],[],[],[],506,2025-10-10 17:21:15,2025-10-10 17:21:15
546,App\Models\Blog,219,61994c61-17d1-435f-a195-514365910616,blog,08-10-1-min,08-10-1-min.jpg,image/jpeg,public,public,322878,[],[],[],[],507,2025-10-13 16:49:11,2025-10-13 16:49:11
547,App\Models\Blog,220,b9eb1ed0-6c38-45c8-8bd8-221831371e0f,blog,13-10,13-10.jpg,image/jpeg,public,public,47290,[],[],[],[],508,2025-10-15 16:05:30,2025-10-15 16:05:30
548,App\Models\Blog,221,d09b402b-8c0c-472e-ab70-cd1ffb2212ed,blog,15-10-min,15-10-min.jpg,image/jpeg,public,public,266081,[],[],[],[],509,2025-10-17 17:19:24,2025-10-17 17:19:24
549,App\Models\Blog,222,d3cb3029-83f4-4f54-bd02-f23a302f1c7e,blog,15-10-1-min,15-10-1-min.jpg,image/jpeg,public,public,209028,[],[],[],[],510,2025-10-24 18:28:43,2025-10-24 18:28:43
550,App\Models\Setting,177200,39c3cb86-357d-4ca2-a5a1-2300977e3cf9,settings,coinbase,brand-logo-259ee48f629b20ade50a761f5417dcbf.png,image/png,public,public,6330,[],[],[],[],511,2025-10-24 18:35:44,2025-10-24 18:35:44
551,App\Models\User,5739,a4fe3ccf-2d7a-4b19-8809-fce2de85c17f,profile,coinbase,coinbase.png,image/png,public,public,6330,[],[],[],[],512,2025-10-24 18:36:20,2025-10-24 18:36:20
552,App\Models\Blog,223,3188da60-1f16-49f5-83c7-25e91d98ebd3,blog,24-10,24-10.jpg,image/jpeg,public,public,53301,[],[],[],[],513,2025-10-27 18:20:53,2025-10-27 18:20:53
553,App\Models\Blog,224,9794bd36-fa20-48b0-834c-6bdbcfd06966,blog,27-10,27-10.jpg,image/jpeg,public,public,43388,[],[],[],[],514,2025-10-28 18:57:13,2025-10-28 18:57:13
554,App\Models\Blog,225,002933a9-9b56-4257-8aea-9fbfdac6ff78,blog,28-10,28-10.jpg,image/jpeg,public,public,41307,[],[],[],[],515,2025-10-29 19:18:46,2025-10-29 19:18:46
556,App\Models\Blog,226,dca6db3b-90d5-4e41-b4d5-13426ac986ee,blog,29-10,29-10.jpg,image/jpeg,public,public,45646,[],[],[],[],517,2025-10-30 17:29:47,2025-10-30 17:29:47
557,App\Models\Blog,227,3b76848f-79bc-450c-b95e-19bb322d8a07,blog,30-10 1-min,30-10-1-min.jpg,image/jpeg,public,public,378461,[],[],[],[],518,2025-10-31 17:54:52,2025-10-31 17:54:52
558,App\Models\SuperAdminSetting,14,bfaca8d5-e1fc-4e88-959a-da570c5fc4f6,super_admin_settings,billinbee_logo,billinbee_logo.png,image/png,public,public,4983,[],[],[],[],519,2025-10-31 19:12:12,2025-10-31 19:12:12
559,App\Models\Blog,228,05ed71d3-051d-4c7b-a9ff-13f7944c7f89,blog,31-10 1,31-10-1.jpg,image/jpeg,public,public,45726,[],[],[],[],520,2025-11-03 17:51:43,2025-11-03 17:51:43
560,App\Models\Blog,229,6111470c-4a7a-4594-983a-4fb5ea8dca88,blog,03-11,03-11.jpg,image/jpeg,public,public,48276,[],[],[],[],521,2025-11-04 16:01:51,2025-11-04 16:01:51
561,App\Models\Blog,230,fd6b2333-2aea-4ad9-97ef-77921e5cc3b0,blog,Media (2),Media-(2).jpeg,image/jpeg,public,public,80187,[],[],[],[],522,2025-11-06 18:07:20,2025-11-06 18:07:20
562,App\Models\Blog,231,f5ecb5c5-e08d-41a9-9dc1-30e943a4a107,blog,Media (3),Media-(3).jpeg,image/jpeg,public,public,79873,[],[],[],[],523,2025-11-07 14:47:26,2025-11-07 14:47:26
563,App\Models\Blog,232,fc737dec-f153-424c-b71a-74f7a0559cb6,blog,06-11,06-11.jpg,image/jpeg,public,public,45484,[],[],[],[],524,2025-11-10 18:27:44,2025-11-10 18:27:44
564,App\Models\Blog,233,c9a28411-b22d-42fe-b302-a9446ef316e4,blog,07-11,07-11.jpg,image/jpeg,public,public,44594,[],[],[],[],525,2025-11-11 17:50:39,2025-11-11 17:50:39
565,App\Models\Blog,234,85065d53-c50e-468e-9f7a-96cb66bb1dab,blog,08-11,08-11.jpg,image/jpeg,public,public,41332,[],[],[],[],526,2025-11-12 17:22:35,2025-11-12 17:22:35
566,App\Models\Blog,235,e317da00-936d-4f02-a0c5-e4d23a9b6f0e,blog,10-11,10-11.jpg,image/jpeg,public,public,54527,[],[],[],[],527,2025-11-13 17:50:29,2025-11-13 17:50:29
567,App\Models\Blog,236,18e147b5-b819-4f3b-96a4-536b2f58d575,blog,11-11 1-min,11-11-1-min.jpg,image/jpeg,public,public,556710,[],[],[],[],528,2025-11-14 16:21:18,2025-11-14 16:21:18
568,App\Models\Blog,237,32eee504-b70a-462f-9057-754121aa5ed6,blog,12-11,12-11.jpg,image/jpeg,public,public,53458,[],[],[],[],529,2025-11-18 17:17:18,2025-11-18 17:17:18
569,App\Models\Product,493,97e6bbe3-8320-4451-bdd6-103c7ec76750,product,tsi0015,tsi0015.jpg,image/jpeg,public,public,32133,[],[],[],[],530,2025-11-21 10:24:48,2025-11-21 10:24:48
570,App\Models\Blog,238,831c6d65-0a6b-413a-9758-3ca24fbdee65,blog,13-11,13-11.jpg,image/jpeg,public,public,44361,[],[],[],[],531,2025-11-24 17:17:00,2025-11-24 17:17:00
571,App\Models\Blog,239,b9aaaea4-b2ce-459f-9fea-4c46a1ef1730,blog,14-11,14-11.jpg,image/jpeg,public,public,47731,[],[],[],[],532,2025-11-25 16:52:34,2025-11-25 16:52:34
572,App\Models\Blog,240,eac3b84c-f840-4d3d-998f-62eee197f6dd,blog,17-11-min,17-11-min.jpg,image/jpeg,public,public,360252,[],[],[],[],533,2025-11-26 17:07:01,2025-11-26 17:07:01
573,App\Models\Setting,179404,5ba492ab-81df-4ab0-8b7f-31b32fc4f924,settings,RHB Logo circle - small,brand-logo-88ac4ff88fab36d669acd78700dd5f84.png,image/png,public,public,28857,[],[],[],[],534,2025-12-01 12:04:41,2025-12-01 12:04:41
574,App\Models\Blog,241,96fc6244-5e92-4de8-aa78-617936d230dd,blog,18-11-min,18-11-min.jpg,image/jpeg,public,public,343737,[],[],[],[],535,2025-12-01 17:25:53,2025-12-01 17:25:53
575,App\Models\Setting,179746,6ba2ffaf-b25e-4167-b6fe-dd35bcfd8d63,settings,Grand_Hotel_Helsinki_Logo_300x150,brand-logo-485fa11715ebca3e29da85cf72772d00.png,image/png,public,public,13687,[],[],[],[],536,2025-12-04 02:07:44,2025-12-04 02:07:44
576,App\Models\User,5823,c142d278-5e04-4929-88f8-ca1594c658f7,profile,Grand_Hotel_Helsinki_Logo_300x150,Grand_Hotel_Helsinki_Logo_300x150.png,image/png,public,public,13687,[],[],[],[],537,2025-12-04 02:09:30,2025-12-04 02:09:30
577,App\Models\Blog,242,4f430619-05da-43e0-a109-7c7de480d1e7,blog,01-12 1,01-12-1.jpg,image/jpeg,public,public,53448,[],[],[],[],538,2025-12-04 15:11:37,2025-12-04 15:11:37
578,App\Models\Blog,243,037a127d-2bbc-45cf-9f91-9712889ed4f5,blog,02-12-min,02-12-min.jpg,image/jpeg,public,public,367902,[],[],[],[],539,2025-12-05 20:02:05,2025-12-05 20:02:05
579,App\Models\Blog,244,6df77a30-92cb-4692-9db6-247a9200318b,blog,03-12,03-12.jpg,image/jpeg,public,public,50534,[],[],[],[],540,2025-12-08 18:56:46,2025-12-08 18:56:46
580,App\Models\Setting,181152,e7c4f233-682e-4dab-9e03-4ef36a82695d,settings,resize-17652511331098684576IMG8822,brand-logo-5db2f2a436737e4b3d5eaab2b0b9153a.png,image/png,public,public,13866,[],[],[],[],541,2025-12-09 09:03:25,2025-12-09 09:03:25
581,App\Models\Blog,245,3082ad24-4fa3-46e1-b834-a0629cbb931b,blog,05-12,05-12.jpg,image/jpeg,public,public,48650,[],[],[],[],542,2025-12-09 21:09:00,2025-12-09 21:09:00
582,App\Models\Blog,246,ef941c88-4b3e-43f3-8196-374d686b5916,blog,08-12,08-12.jpg,image/jpeg,public,public,43259,[],[],[],[],543,2025-12-10 16:19:44,2025-12-10 16:19:44
583,App\Models\Blog,247,cb602597-b422-4924-a7df-e7c43a474837,blog,10-12,10-12.jpg,image/jpeg,public,public,47141,[],[],[],[],544,2025-12-15 17:02:58,2025-12-15 17:02:58
584,App\Models\Blog,248,bc48e73d-3c5e-4a09-ae96-9114575084f8,blog,11-12,11-12.jpg,image/jpeg,public,public,52765,[],[],[],[],545,2025-12-16 17:56:27,2025-12-16 17:56:27
585,App\Models\Blog,249,55a412a8-596e-4e83-b1de-8d9e475afb59,blog,12-12,12-12.jpg,image/jpeg,public,public,46844,[],[],[],[],546,2025-12-19 17:52:25,2025-12-19 17:52:25
586,App\Models\Blog,250,565d8b11-6318-4884-9658-3a53c985af6c,blog,17-12,17-12.jpg,image/jpeg,public,public,51821,[],[],[],[],547,2025-12-22 17:26:40,2025-12-22 17:26:40
587,App\Models\Blog,251,e9bb9833-3af5-43d1-a766-63270dfdc8d1,blog,22-12,22-12.jpg,image/jpeg,public,public,47359,[],[],[],[],548,2025-12-23 18:20:34,2025-12-23 18:20:34
588,App\Models\Blog,252,6fd72781-0dfd-4b5c-b357-163393cd1d21,blog,22-12-01,22-12-01.jpg,image/jpeg,public,public,58560,[],[],[],[],549,2025-12-24 14:32:13,2025-12-24 14:32:13
589,App\Models\Blog,253,485cc63d-98f9-4dbc-8073-dc30845cdfa6,blog,29-12 1,29-12-1.jpg,image/jpeg,public,public,49291,[],[],[],[],550,2025-12-29 16:22:00,2025-12-29 16:22:00
590,App\Models\Blog,254,3f9c0740-8719-4038-bdeb-7ba19f5a67c7,blog,30-12,30-12.jpg,image/jpeg,public,public,51208,[],[],[],[],551,2026-01-01 11:17:19,2026-01-01 11:17:19
591,App\Models\Blog,255,eb005f04-b696-44cd-84be-703ba8067d9c,blog,01-01,01-01.jpg,image/jpeg,public,public,50188,[],[],[],[],552,2026-01-07 17:03:07,2026-01-07 17:03:07
592,App\Models\Blog,256,126054ad-417c-4d63-8c2b-2b500da8ba0e,blog,13-01,13-01.jpg,image/jpeg,public,public,46162,[],[],[],[],553,2026-01-19 10:10:15,2026-01-19 10:10:15
593,App\Models\Setting,186168,ff5501d6-7a48-4456-a138-37525a9ec4d8,settings,ANCLO_logo_resized,brand-logo-91d95405e1c96d66af2f457ac85dcaad.png,image/png,public,public,4430,[],[],[],[],554,2026-01-20 07:42:03,2026-01-20 07:42:03
594,App\Models\User,6009,824c22a9-233c-4802-b32d-909389cbb288,profile,ANCLO_logo_resized,ANCLO_logo_resized.png,image/png,public,public,4430,[],[],[],[],555,2026-01-20 07:43:11,2026-01-20 07:43:11
595,App\Models\Blog,257,883fa1b3-a6e9-4284-a26d-d6243fcbc0ea,blog,08-01 1,08-01-1.jpg,image/jpeg,public,public,50951,[],[],[],[],556,2026-01-22 16:30:08,2026-01-22 16:30:08
597,App\Models\Setting,186966,4170c21c-6daf-43d4-9dfb-49a73775a2fb,settings,RBHCorporateSolutionsLogoTrasparency-Copy,brand-logo-5c29fe6bbc35b1990744b3f3573f91d2.png,image/png,public,public,13398,[],[],[],[],557,2026-01-22 16:44:11,2026-01-22 16:44:11
598,App\Models\Blog,258,af0a4af8-0880-477b-a0ec-1bef97ce5bc3,blog,21-01,21-01.jpg,image/jpeg,public,public,54037,[],[],[],[],558,2026-01-28 13:12:02,2026-01-28 13:12:02
599,App\Models\Blog,259,c373873c-2fce-4064-859b-c2ad64ff9cd5,blog,28-01 (1),28-01-(1).jpg,image/jpeg,public,public,526497,[],[],[],[],559,2026-02-02 17:15:04,2026-02-02 17:15:04
600,App\Models\Blog,260,efb64146-3dfc-41c9-a687-f051345ef907,blog,09-02,09-02.jpg,image/jpeg,public,public,47617,[],[],[],[],560,2026-02-09 18:26:27,2026-02-09 18:26:27
601,App\Models\Blog,261,b42dafd7-64c3-4d61-af0e-22ed20004faf,blog,10-02,10-02.jpg,image/jpeg,public,public,47755,[],[],[],[],561,2026-02-11 16:32:06,2026-02-11 16:32:06
602,App\Models\Blog,262,d04a07a6-4033-443e-8126-ee8dc73dd4bb,blog,11-02,11-02.jpg,image/jpeg,public,public,49043,[],[],[],[],562,2026-02-12 14:29:26,2026-02-12 14:29:26
603,App\Models\Blog,263,98884992-02a9-4933-85bf-5e735b893cf2,blog,13-02,13-02.jpg,image/jpeg,public,public,45966,[],[],[],[],563,2026-02-13 16:30:39,2026-02-13 16:30:39
604,App\Models\Blog,264,b565e6e7-600b-44cb-b2fb-1f4eb411b8ba,blog,17-02 (1),17-02-(1).jpg,image/jpeg,public,public,526353,[],[],[],[],564,2026-02-17 18:38:06,2026-02-17 18:38:06
605,App\Models\Blog,265,1aaed243-9f6a-4682-85b0-5b3d8467c9df,blog,18-02,18-02.jpg,image/jpeg,public,public,48880,[],[],[],[],565,2026-02-18 15:08:16,2026-02-18 15:08:16
606,App\Models\Blog,266,27038616-3545-44ad-bd6e-f7a2a81d75da,blog,19-02,19-02.jpg,image/jpeg,public,public,48307,[],[],[],[],566,2026-02-19 15:17:33,2026-02-19 15:17:33
607,App\Models\Blog,267,9c67eb41-064a-4378-bfcd-ee1f282afb76,blog,20-02,20-02.jpg,image/jpeg,public,public,820985,[],[],[],[],567,2026-02-20 16:10:49,2026-02-20 16:10:49
608,App\Models\Blog,268,958b90c9-ced4-4d3e-868f-5771ed6b884c,blog,21 -02,21--02.jpg,image/jpeg,public,public,51147,[],[],[],[],568,2026-02-23 18:11:10,2026-02-23 18:11:10
609,App\Models\Blog,269,2383ebe1-52e5-4675-9df0-c3ee674b4960,blog,22 -02,22--02.jpg,image/jpeg,public,public,46435,[],[],[],[],569,2026-02-24 15:12:07,2026-02-24 15:12:07
610,App\Models\Blog,270,6e615d01-f0db-4f96-9061-831458e56c15,blog,23 -02 1,23--02-1.jpg,image/jpeg,public,public,762711,[],[],[],[],570,2026-02-25 15:24:38,2026-02-25 15:24:38
611,App\Models\Blog,271,8dab3378-337d-4c5c-9e90-5710573f0f82,blog,24 -02,24--02.jpg,image/jpeg,public,public,52586,[],[],[],[],571,2026-02-27 17:56:40,2026-02-27 17:56:40
612,App\Models\Blog,272,5dbddaad-4794-45a6-a2a3-69ec37cb4f17,blog,25 -02,25--02.jpg,image/jpeg,public,public,46894,[],[],[],[],572,2026-03-05 13:45:20,2026-03-05 13:45:20
613,App\Models\Blog,273,7950d6f8-4cf2-480b-ba1a-935400047733,blog,05 -03,05--03.jpg,image/jpeg,public,public,44107,[],[],[],[],573,2026-03-06 16:58:11,2026-03-06 16:58:11
614,App\Models\Blog,274,1e7b03b1-d55f-47f0-85f3-9e61f77a4842,blog,06 -03,06--03.jpg,image/jpeg,public,public,42884,[],[],[],[],574,2026-03-09 18:14:19,2026-03-09 18:14:19
615,App\Models\Blog,275,1ef42975-8800-4a04-a937-dc3db7a71194,blog,10 -03,10--03.jpg,image/jpeg,public,public,753652,[],[],[],[],575,2026-03-10 15:45:06,2026-03-10 15:45:06
616,App\Models\Blog,276,6fd7af1b-e82f-40f1-9547-fd8c9348540b,blog,10 -03-02,10--03-02.jpg,image/jpeg,public,public,866780,[],[],[],[],576,2026-03-11 16:09:33,2026-03-11 16:09:33
617,App\Models\Blog,277,c16300e4-e687-40f9-b87a-62abf3af3a9e,blog,10 -03-03,10--03-03.jpg,image/jpeg,public,public,799534,[],[],[],[],577,2026-03-13 15:01:32,2026-03-13 15:01:32
618,App\Models\Blog,278,404a7483-3bea-4314-88b1-df27b13c40d3,blog,13-03,13-03.jpg,image/jpeg,public,public,49347,[],[],[],[],578,2026-03-16 16:58:42,2026-03-16 16:58:42
619,App\Models\Blog,279,ef8599d1-a960-4b69-8fc8-062b814d52c3,blog,16-03,16-03.jpg,image/jpeg,public,public,46391,[],[],[],[],579,2026-03-18 13:59:48,2026-03-18 13:59:48
620,App\Models\Blog,280,c7d1a599-9af4-40c0-89db-28cbf45752b5,blog,20-03,20-03.jpg,image/jpeg,public,public,43239,[],[],[],[],580,2026-03-20 15:11:02,2026-03-20 15:11:02
621,App\Models\Blog,281,c0688569-81e7-4580-a55c-a42e3d15b5fc,blog,21-03,21-03.jpg,image/jpeg,public,public,677005,[],[],[],[],581,2026-03-23 18:48:47,2026-03-23 18:48:47
622,App\Models\Blog,282,586d5448-5e5f-4ed2-bdff-d0aa8da7d9e8,blog,23-03,23-03.jpg,image/jpeg,public,public,50789,[],[],[],[],582,2026-03-24 15:44:33,2026-03-24 15:44:33
623,App\Models\Blog,283,1a269be5-45d7-499a-8c29-fbd1c9234e09,blog,24-03,24-03.jpg,image/jpeg,public,public,40582,[],[],[],[],583,2026-03-25 15:03:32,2026-03-25 15:03:32
624,App\Models\Blog,284,5e80faf6-64c3-427f-9f56-9aca6d6cfc12,blog,25-03,25-03.jpg,image/jpeg,public,public,810180,[],[],[],[],584,2026-03-26 16:18:26,2026-03-26 16:18:26
625,App\Models\Blog,285,33e8547f-36b0-411d-9b90-d2cb14dc597f,blog,26-03,26-03.jpg,image/jpeg,public,public,46423,[],[],[],[],585,2026-03-30 13:36:29,2026-03-30 13:36:29
626,App\Models\Blog,286,959f33e4-d25b-4f33-b1f8-2bca3c144ecb,blog,31-03,31-03.jpg,image/jpeg,public,public,47980,[],[],[],[],586,2026-04-01 17:43:41,2026-04-01 17:43:41
627,App\Models\Blog,287,df20cbe4-a0a2-4250-a7cf-00f2ff4ae635,blog,01-04,01-04.jpg,image/jpeg,public,public,735515,[],[],[],[],587,2026-04-02 18:55:53,2026-04-02 18:55:53
628,App\Models\Blog,288,7c642520-dfae-4523-a4cd-37403242b6c2,blog,06-04,06-04.jpg,image/jpeg,public,public,48771,[],[],[],[],588,2026-04-08 12:45:02,2026-04-08 12:45:02
629,App\Models\Blog,289,01175438-6c2a-48cb-8ed4-01f23f1e2382,blog,07-04,07-04.jpg,image/jpeg,public,public,52945,[],[],[],[],589,2026-04-10 13:35:09,2026-04-10 13:35:09
630,App\Models\Blog,290,7b97eb63-db3a-4d93-b2a1-2fa165e9acda,blog,10-04,10-04.jpg,image/jpeg,public,public,48018,[],[],[],[],590,2026-04-14 13:20:59,2026-04-14 13:20:59
631,App\Models\Setting,190158,e954147a-cb4e-4134-abde-c72476377a5f,settings,dhli (1),brand-logo-11521b66c8cdfe27b077161eb72de360.png,image/png,public,public,16724,[],[],[],[],591,2026-04-15 22:45:37,2026-04-15 22:45:37
632,App\Models\Blog,291,9786a83f-859c-42ce-b83e-1615dc88727e,blog,13-04,13-04.jpg,image/jpeg,public,public,46285,[],[],[],[],592,2026-04-16 16:00:25,2026-04-16 16:00:25
633,App\Models\Blog,292,c81f6007-8a85-4c45-903c-a13ec5ed4fea,blog,16-04,16-04.jpg,image/jpeg,public,public,790212,[],[],[],[],593,2026-04-20 18:51:20,2026-04-20 18:51:20
634,App\Models\Blog,293,c85320b8-6f7c-43a6-872a-1ebad99484bf,blog,21-04 1,21-04-1.jpg,image/jpeg,public,public,759112,[],[],[],[],594,2026-04-21 18:48:55,2026-04-21 18:48:55
635,App\Models\Blog,294,554a4357-f14b-4dc9-8c05-08bd4a2879d2,blog,22-04,22-04.jpg,image/jpeg,public,public,807557,[],[],[],[],595,2026-04-22 15:38:26,2026-04-22 15:38:26
636,App\Models\Blog,295,25d08f61-71b0-4db3-a43f-785aaf88a9e9,blog,23-04,23-04.jpg,image/jpeg,public,public,771370,[],[],[],[],596,2026-04-23 18:54:16,2026-04-23 18:54:16
637,App\Models\Blog,296,1665ff11-de72-4019-9db6-5f25da765964,blog,24-04,24-04.jpg,image/jpeg,public,public,753696,[],[],[],[],597,2026-04-24 19:25:39,2026-04-24 19:25:39
638,App\Models\Blog,297,7f893200-bdcd-4ae1-a1c8-4fc71be58be5,blog,25-04,25-04.jpg,image/jpeg,public,public,811381,[],[],[],[],598,2026-04-30 16:28:10,2026-04-30 16:28:10
639,App\Models\Blog,298,5140baf6-fd4d-401c-9f96-f89b93f23fb8,blog,30-04,30-04.jpg,image/jpeg,public,public,834375,[],[],[],[],599,2026-05-04 13:17:12,2026-05-04 13:17:12
640,App\Models\Blog,299,297dcd6d-b743-484e-9691-f8a005ebfa36,blog,01-05 (1),01-05-(1).jpg,image/jpeg,public,public,768454,[],[],[],[],600,2026-05-05 17:33:10,2026-05-05 17:33:10
641,App\Models\Blog,300,85dd73e8-3654-4ca0-9fca-c85ef5118b13,blog,02-05,02-05.jpg,image/jpeg,public,public,777679,[],[],[],[],601,2026-05-06 17:31:33,2026-05-06 17:31:33
642,App\Models\Blog,301,ac87e36b-0daf-451d-9b6c-47c048aa8171,blog,04-05,04-05.jpg,image/jpeg,public,public,493122,[],[],[],[],602,2026-05-07 13:23:46,2026-05-07 13:23:46
643,App\Models\Blog,302,64a95d26-6974-4589-a5be-398f714fb918,blog,06-05,06-05.jpg,image/jpeg,public,public,847781,[],[],[],[],603,2026-05-08 13:20:33,2026-05-08 13:20:33
644,App\Models\Blog,303,3fe46f7b-2e92-4734-91c3-c4f5682d3a3c,blog,07-05,07-05.jpg,image/jpeg,public,public,833523,[],[],[],[],604,2026-05-11 13:32:12,2026-05-11 13:32:12
645,App\Models\Blog,304,d2ffeb71-8b39-46ee-aee8-f229b79953c1,blog,08-05 1,08-05-1.jpg,image/jpeg,public,public,776822,[],[],[],[],605,2026-05-12 12:36:35,2026-05-12 12:36:35
646,App\Models\Blog,305,1f50a552-26bc-4595-ba3f-9090d69052ea,blog,09-05,09-05.jpg,image/jpeg,public,public,846417,[],[],[],[],606,2026-05-13 13:49:37,2026-05-13 13:49:37
647,App\Models\Blog,306,f5cba14f-d96b-442c-8530-fa3ebc91a400,blog,10-05,10-05.jpg,image/jpeg,public,public,703378,[],[],[],[],607,2026-05-14 18:33:30,2026-05-14 18:33:30
648,App\Models\Blog,307,5ef7b56b-e4c0-4c9b-b05b-11f0b58c065a,blog,12-05,12-05.jpg,image/jpeg,public,public,661844,[],[],[],[],608,2026-05-18 16:48:09,2026-05-18 16:48:09
649,App\Models\Blog,308,fe0209d0-0133-41c2-865d-e7000bbaf2a4,blog,17-05,17-05.jpg,image/jpeg,public,public,762090,[],[],[],[],609,2026-05-19 17:10:21,2026-05-19 17:10:21
650,App\Models\Blog,309,c26782cd-0e69-4180-8a57-ea31925666b1,blog,18-05 2,18-05-2.jpg,image/jpeg,public,public,716515,[],[],[],[],610,2026-05-20 15:44:49,2026-05-20 15:44:49
659,App\Models\Blog,311,424a77ca-226b-448d-8c60-5ec93019904f,blog,19-05 1,19-05-1.jpg,image/jpeg,public,public,875386,[],[],[],[],1,2026-05-25 17:47:39,2026-05-25 17:47:39
660,App\Models\User,18,a340a5da-53fd-4eea-afa9-a2ed759cc42e,profile,avtar,avtar.png,image/png,public,public,21568,[],[],[],[],1,2026-05-26 17:26:31,2026-05-26 17:26:31
661,App\Models\Blog,313,eb86d277-2a63-4b49-ab3c-f7c356a58053,blog,20-05 2,20-05-2.jpg,image/jpeg,public,public,671100,[],[],[],[],1,2026-05-26 18:46:51,2026-05-26 18:46:51
662,App\Models\Blog,314,1a32ce78-e2ed-4368-926e-391213cbb39a,blog,22-05 1,22-05-1.jpg,image/jpeg,public,public,777295,[],[],[],[],1,2026-05-27 18:18:13,2026-05-27 18:18:13
663,App\Models\Blog,315,ffeca868-425c-43ec-b691-ca1470d4edbe,blog,25-05,25-05.jpg,image/jpeg,public,public,725475,[],[],[],[],1,2026-05-29 14:52:34,2026-05-29 14:52:34
664,App\Models\Blog,316,70ce23eb-4769-4777-bc13-e405e27a0227,blog,26-05,26-05.jpg,image/jpeg,public,public,794231,[],[],[],[],1,2026-06-01 16:24:52,2026-06-01 16:24:52
665,App\Models\Blog,317,7f2746be-9040-4030-9834-f7b22c586cc0,blog,01-06,01-06.jpg,image/jpeg,public,public,707289,[],[],[],[],1,2026-06-02 12:19:32,2026-06-02 12:19:32
666,App\Models\Blog,318,da7279ef-6a3c-4820-9cde-d4ceda804452,blog,01-01-06,01-01-06.jpg,image/jpeg,public,public,799586,[],[],[],[],1,2026-06-03 15:33:06,2026-06-03 15:33:06
667,App\Models\Blog,319,3fd8cfca-a751-488a-a5f6-62b27457f4d8,blog,04-06,04-06.jpg,image/jpeg,public,public,886252,[],[],[],[],1,2026-06-04 15:25:39,2026-06-04 15:25:39
668,App\Models\Blog,320,1287d96b-ac67-4649-8dc4-2c2ebbb15c9b,blog,04-06-01,04-06-01.jpg,image/jpeg,public,public,757801,[],[],[],[],1,2026-06-08 11:57:27,2026-06-08 11:57:27
669,App\Models\Blog,321,f9a7580f-90a1-45a6-9346-780e90717af6,blog,04-06-02,04-06-02.jpg,image/jpeg,public,public,825940,[],[],[],[],1,2026-06-09 12:26:52,2026-06-09 12:26:52
670,App\Models\Blog,322,96244a60-4954-41b8-bc64-fc4e29609fa9,blog,08-06,08-06.jpg,image/jpeg,public,public,730013,[],[],[],[],1,2026-06-10 12:02:53,2026-06-10 12:02:53
671,App\Models\Blog,323,09fcc0a7-20ba-46f8-b2cd-6d419b21faf1,blog,08-06-01,08-06-01.jpg,image/jpeg,public,public,765993,[],[],[],[],1,2026-06-11 15:05:47,2026-06-11 15:05:47
672,App\Models\Blog,324,0a380146-7eb2-4149-bcad-4e55b012dddc,blog,10-06,10-06.jpg,image/jpeg,public,public,786787,[],[],[],[],1,2026-06-12 16:51:43,2026-06-12 16:51:43
673,App\Models\Blog,325,e7df6a13-fe8b-4349-87fa-06bf567debaa,blog,11-06,11-06.jpg,image/jpeg,public,public,836795,[],[],[],[],1,2026-06-15 15:12:45,2026-06-15 15:12:45
674,App\Models\Blog,326,fbe46ef3-9668-4864-b998-edef6266f12e,blog,15-06,15-06.jpg,image/jpeg,public,public,791788,[],[],[],[],1,2026-06-16 15:27:39,2026-06-16 15:27:39
675,App\Models\Blog,327,40ec2810-6ce9-11f1-ba2e-12fdf68acd75,blog,21-06,21-06.png,image/png,public,public,1403007,[],[],[],[],611,2026-06-20 20:47:29,2026-06-20 20:47:29
676,App\Models\Blog,328,b1136693-6ed1-11f1-ba2e-12fdf68acd75,blog,sales-invoicing-software,sales-invoicing-software.png,image/png,public,public,3725000,[],[],[],[],1,2026-06-23 07:03:52,2026-06-23 07:03:52